Date, Low 10 , Decile 2 , Decile 3 , Decile 4 , Decile 5 , Decile 6 , Decile 7 , Decile 8 , Decile 9 , High 10 
1/1/1927,0.2,0.202,0.204,0.202,0.2,0.204,0.202,0.2,0.2,0.202
2/1/1927,0.208,0.204,0.212,0.21,0.204,0.208,0.206,0.204,0.206,0.206
3/1/1927,0.202,0.2,0.21,0.208,0.202,0.206,0.208,0.204,0.206,0.206
4/1/1927,0.204,0.198,0.21,0.208,0.202,0.208,0.208,0.202,0.208,0.21
5/1/1927,0.206,0.202,0.216,0.212,0.21,0.216,0.216,0.212,0.214,0.222
6/1/1927,0.198,0.202,0.214,0.21,0.208,0.218,0.214,0.21,0.212,0.218
7/1/1927,0.206,0.206,0.22,0.216,0.214,0.222,0.222,0.214,0.218,0.228
8/1/1927,0.202,0.21,0.218,0.218,0.216,0.224,0.224,0.216,0.22,0.226
9/1/1927,0.202,0.214,0.22,0.22,0.216,0.228,0.228,0.22,0.228,0.23
10/1/1927,0.196,0.208,0.214,0.214,0.216,0.224,0.224,0.218,0.222,0.226
11/1/1927,0.224,0.218,0.224,0.224,0.222,0.234,0.234,0.226,0.23,0.234
12/1/1927,0.23,0.22,0.226,0.23,0.228,0.238,0.234,0.228,0.236,0.24
1/1/1928,0.234,0.224,0.228,0.238,0.23,0.238,0.238,0.228,0.236,0.252
2/1/1928,0.234,0.22,0.224,0.238,0.228,0.238,0.236,0.224,0.234,0.246
3/1/1928,0.242,0.228,0.234,0.242,0.234,0.246,0.242,0.232,0.242,0.26
4/1/1928,0.25,0.238,0.25,0.258,0.244,0.266,0.246,0.236,0.246,0.27
5/1/1928,0.268,0.24,0.254,0.26,0.246,0.266,0.252,0.24,0.252,0.278
6/1/1928,0.256,0.232,0.244,0.252,0.238,0.262,0.242,0.232,0.244,0.268
7/1/1928,0.252,0.23,0.244,0.252,0.238,0.262,0.244,0.23,0.246,0.27
8/1/1928,0.258,0.236,0.25,0.254,0.246,0.272,0.25,0.24,0.256,0.28
9/1/1928,0.264,0.244,0.254,0.258,0.25,0.278,0.26,0.246,0.264,0.292
10/1/1928,0.264,0.242,0.256,0.258,0.25,0.28,0.262,0.25,0.268,0.304
11/1/1928,0.276,0.256,0.268,0.272,0.264,0.298,0.28,0.262,0.284,0.334
12/1/1928,0.268,0.254,0.268,0.27,0.262,0.302,0.282,0.262,0.284,0.332
1/1/1929,0.27,0.258,0.272,0.274,0.266,0.306,0.29,0.268,0.294,0.338
2/1/1929,0.266,0.258,0.272,0.274,0.266,0.308,0.292,0.268,0.298,0.344
3/1/1929,0.258,0.254,0.268,0.27,0.262,0.302,0.284,0.266,0.29,0.344
4/1/1929,0.254,0.258,0.272,0.27,0.264,0.304,0.288,0.268,0.294,0.35
5/1/1929,0.236,0.242,0.262,0.258,0.256,0.292,0.278,0.258,0.28,0.328
6/1/1929,0.24,0.248,0.268,0.266,0.262,0.304,0.29,0.272,0.3,0.35
7/1/1929,0.24,0.246,0.27,0.266,0.266,0.312,0.292,0.276,0.306,0.352
8/1/1929,0.236,0.246,0.272,0.264,0.268,0.316,0.302,0.284,0.318,0.364
9/1/1929,0.228,0.236,0.264,0.26,0.262,0.31,0.298,0.278,0.314,0.362
10/1/1929,0.202,0.21,0.236,0.232,0.242,0.284,0.274,0.252,0.28,0.312
11/1/1929,0.19,0.196,0.222,0.224,0.228,0.274,0.258,0.24,0.262,0.286
12/1/1929,0.178,0.186,0.218,0.22,0.226,0.27,0.254,0.24,0.264,0.294
1/1/1930,0.2,0.206,0.232,0.232,0.236,0.28,0.264,0.248,0.27,0.3
2/1/1930,0.204,0.21,0.238,0.234,0.238,0.282,0.268,0.25,0.272,0.306
3/1/1930,0.23,0.224,0.25,0.244,0.25,0.294,0.278,0.26,0.28,0.318
4/1/1930,0.224,0.222,0.238,0.234,0.244,0.286,0.268,0.254,0.282,0.314
5/1/1930,0.214,0.214,0.234,0.23,0.242,0.28,0.266,0.252,0.28,0.31
6/1/1930,0.188,0.19,0.208,0.208,0.218,0.256,0.246,0.236,0.26,0.278
7/1/1930,0.192,0.194,0.214,0.208,0.224,0.264,0.252,0.238,0.262,0.284
8/1/1930,0.186,0.192,0.212,0.204,0.224,0.26,0.252,0.236,0.264,0.284
9/1/1930,0.166,0.172,0.19,0.188,0.208,0.242,0.234,0.224,0.25,0.27
10/1/1930,0.156,0.16,0.178,0.176,0.198,0.232,0.228,0.214,0.242,0.26
11/1/1930,0.156,0.16,0.174,0.174,0.194,0.23,0.224,0.21,0.24,0.26
12/1/1930,0.138,0.144,0.16,0.16,0.178,0.216,0.21,0.202,0.232,0.252
1/1/1931,0.156,0.162,0.172,0.172,0.19,0.23,0.22,0.208,0.238,0.266
2/1/1931,0.176,0.184,0.188,0.188,0.208,0.246,0.236,0.218,0.248,0.276
3/1/1931,0.166,0.174,0.18,0.186,0.2,0.238,0.224,0.212,0.244,0.278
4/1/1931,0.146,0.158,0.162,0.17,0.184,0.22,0.208,0.202,0.23,0.266
5/1/1931,0.134,0.142,0.15,0.156,0.17,0.202,0.194,0.19,0.218,0.256
6/1/1931,0.152,0.164,0.166,0.174,0.19,0.222,0.208,0.202,0.23,0.266
7/1/1931,0.144,0.156,0.158,0.164,0.182,0.216,0.204,0.2,0.226,0.262
8/1/1931,0.144,0.152,0.156,0.16,0.178,0.214,0.202,0.196,0.226,0.262
9/1/1931,0.12,0.122,0.128,0.136,0.148,0.184,0.17,0.168,0.198,0.228
10/1/1931,0.124,0.13,0.136,0.146,0.154,0.19,0.182,0.172,0.212,0.244
11/1/1931,0.116,0.122,0.128,0.138,0.148,0.184,0.176,0.164,0.206,0.238
12/1/1931,0.1,0.106,0.112,0.124,0.132,0.166,0.162,0.154,0.19,0.23
1/1/1932,0.116,0.112,0.118,0.128,0.142,0.172,0.164,0.156,0.192,0.234
2/1/1932,0.114,0.112,0.118,0.126,0.142,0.176,0.166,0.16,0.198,0.236
3/1/1932,0.102,0.104,0.11,0.118,0.136,0.162,0.156,0.152,0.19,0.23
4/1/1932,0.092,0.092,0.1,0.106,0.122,0.148,0.142,0.14,0.176,0.216
5/1/1932,0.082,0.082,0.09,0.096,0.108,0.134,0.128,0.126,0.158,0.198
6/1/1932,0.082,0.084,0.092,0.1,0.11,0.136,0.128,0.128,0.164,0.204
7/1/1932,0.112,0.116,0.116,0.132,0.132,0.162,0.146,0.148,0.18,0.216
8/1/1932,0.174,0.18,0.16,0.184,0.184,0.212,0.182,0.174,0.214,0.25
9/1/1932,0.166,0.178,0.152,0.176,0.176,0.21,0.174,0.166,0.208,0.246
10/1/1932,0.15,0.166,0.136,0.16,0.162,0.194,0.162,0.154,0.19,0.224
11/1/1932,0.144,0.16,0.136,0.152,0.156,0.188,0.154,0.15,0.184,0.216
12/1/1932,0.136,0.156,0.132,0.15,0.154,0.184,0.152,0.15,0.184,0.214
1/1/1933,0.138,0.16,0.138,0.154,0.156,0.188,0.156,0.152,0.188,0.212
2/1/1933,0.124,0.148,0.124,0.14,0.144,0.172,0.144,0.142,0.176,0.2
3/1/1933,0.128,0.156,0.13,0.144,0.154,0.184,0.15,0.148,0.186,0.212
4/1/1933,0.164,0.204,0.166,0.19,0.19,0.232,0.186,0.19,0.226,0.258
5/1/1933,0.228,0.278,0.224,0.254,0.236,0.292,0.244,0.244,0.27,0.33
6/1/1933,0.264,0.31,0.25,0.286,0.258,0.32,0.27,0.268,0.308,0.356
7/1/1933,0.252,0.294,0.24,0.27,0.244,0.306,0.254,0.26,0.288,0.34
8/1/1933,0.26,0.298,0.254,0.286,0.26,0.33,0.27,0.278,0.306,0.358
9/1/1933,0.232,0.274,0.234,0.264,0.242,0.314,0.252,0.26,0.286,0.33
10/1/1933,0.22,0.258,0.22,0.25,0.226,0.298,0.238,0.244,0.27,0.312
11/1/1933,0.222,0.262,0.23,0.262,0.234,0.308,0.25,0.256,0.276,0.322
12/1/1933,0.22,0.26,0.232,0.266,0.238,0.31,0.254,0.262,0.28,0.328
1/1/1934,0.266,0.312,0.272,0.308,0.276,0.354,0.286,0.298,0.33,0.37
2/1/1934,0.266,0.312,0.274,0.31,0.278,0.354,0.288,0.296,0.33,0.378
3/1/1934,0.264,0.312,0.278,0.31,0.278,0.352,0.29,0.3,0.332,0.382
4/1/1934,0.266,0.312,0.282,0.312,0.278,0.354,0.288,0.3,0.33,0.374
5/1/1934,0.254,0.298,0.27,0.296,0.262,0.332,0.27,0.282,0.308,0.352
6/1/1934,0.252,0.296,0.27,0.298,0.264,0.334,0.274,0.286,0.304,0.35
7/1/1934,0.224,0.262,0.24,0.266,0.238,0.304,0.246,0.268,0.284,0.32
8/1/1934,0.232,0.278,0.256,0.28,0.248,0.318,0.258,0.28,0.3,0.34
9/1/1934,0.228,0.274,0.252,0.278,0.246,0.318,0.256,0.28,0.298,0.338
10/1/1934,0.222,0.264,0.246,0.274,0.242,0.316,0.258,0.284,0.302,0.34
11/1/1934,0.236,0.28,0.26,0.292,0.254,0.336,0.274,0.306,0.324,0.364
12/1/1934,0.24,0.276,0.262,0.292,0.256,0.338,0.276,0.31,0.33,0.376
1/1/1935,0.234,0.27,0.254,0.29,0.254,0.33,0.272,0.306,0.326,0.372
2/1/1935,0.212,0.254,0.24,0.28,0.244,0.326,0.27,0.306,0.328,0.374
3/1/1935,0.2,0.24,0.232,0.266,0.236,0.312,0.262,0.3,0.32,0.364
4/1/1935,0.21,0.262,0.242,0.28,0.25,0.33,0.27,0.31,0.332,0.376
5/1/1935,0.216,0.264,0.248,0.284,0.256,0.334,0.27,0.312,0.336,0.382
6/1/1935,0.214,0.266,0.252,0.286,0.264,0.344,0.278,0.32,0.346,0.394
7/1/1935,0.228,0.286,0.27,0.304,0.276,0.352,0.294,0.334,0.36,0.414
8/1/1935,0.258,0.31,0.288,0.312,0.282,0.36,0.3,0.34,0.366,0.426
9/1/1935,0.246,0.312,0.288,0.314,0.286,0.368,0.304,0.348,0.376,0.446
10/1/1935,0.256,0.328,0.296,0.328,0.298,0.38,0.316,0.366,0.392,0.47
11/1/1935,0.31,0.366,0.316,0.344,0.32,0.396,0.328,0.382,0.412,0.496
12/1/1935,0.308,0.372,0.328,0.352,0.328,0.404,0.342,0.394,0.428,0.52
1/1/1936,0.346,0.404,0.356,0.374,0.35,0.426,0.368,0.426,0.466,0.55
2/1/1936,0.35,0.408,0.36,0.38,0.36,0.442,0.38,0.442,0.478,0.558
3/1/1936,0.35,0.404,0.362,0.38,0.358,0.444,0.38,0.442,0.484,0.568
4/1/1936,0.34,0.396,0.342,0.358,0.334,0.414,0.348,0.41,0.446,0.514
5/1/1936,0.344,0.402,0.352,0.364,0.342,0.424,0.362,0.424,0.46,0.536
6/1/1936,0.342,0.404,0.35,0.366,0.344,0.426,0.362,0.422,0.466,0.528
7/1/1936,0.348,0.414,0.36,0.384,0.358,0.44,0.38,0.44,0.49,0.554
8/1/1936,0.348,0.416,0.366,0.39,0.364,0.448,0.38,0.45,0.5,0.556
9/1/1936,0.358,0.418,0.372,0.396,0.37,0.46,0.382,0.458,0.506,0.568
10/1/1936,0.37,0.43,0.38,0.41,0.378,0.476,0.4,0.474,0.522,0.588
11/1/1936,0.386,0.452,0.392,0.43,0.394,0.494,0.422,0.5,0.55,0.612
12/1/1936,0.388,0.456,0.396,0.444,0.396,0.498,0.426,0.504,0.568,0.62
1/1/1937,0.402,0.476,0.41,0.466,0.41,0.524,0.438,0.524,0.586,0.65
2/1/1937,0.404,0.482,0.412,0.476,0.414,0.53,0.442,0.526,0.598,0.674
3/1/1937,0.396,0.484,0.414,0.474,0.412,0.53,0.444,0.528,0.596,0.682
4/1/1937,0.372,0.46,0.396,0.454,0.392,0.508,0.426,0.502,0.562,0.63
5/1/1937,0.364,0.456,0.39,0.454,0.386,0.5,0.42,0.496,0.558,0.624
6/1/1937,0.344,0.438,0.376,0.438,0.376,0.482,0.406,0.476,0.538,0.592
7/1/1937,0.37,0.458,0.394,0.458,0.394,0.504,0.424,0.498,0.566,0.626
8/1/1937,0.356,0.446,0.382,0.446,0.384,0.496,0.416,0.484,0.546,0.606
9/1/1937,0.318,0.406,0.352,0.41,0.35,0.452,0.374,0.434,0.484,0.53
10/1/1937,0.304,0.388,0.336,0.388,0.334,0.43,0.358,0.41,0.456,0.496
11/1/1937,0.284,0.366,0.318,0.366,0.316,0.41,0.338,0.39,0.434,0.466
12/1/1937,0.258,0.344,0.3,0.34,0.302,0.392,0.326,0.376,0.416,0.448
1/1/1938,0.272,0.356,0.306,0.348,0.304,0.402,0.33,0.38,0.422,0.452
2/1/1938,0.28,0.368,0.312,0.364,0.316,0.418,0.342,0.392,0.434,0.46
3/1/1938,0.226,0.304,0.26,0.306,0.264,0.358,0.294,0.342,0.388,0.422
4/1/1938,0.252,0.35,0.29,0.344,0.294,0.392,0.32,0.374,0.416,0.45
5/1/1938,0.242,0.332,0.276,0.328,0.28,0.376,0.312,0.362,0.408,0.45
6/1/1938,0.286,0.402,0.328,0.392,0.334,0.442,0.356,0.408,0.444,0.474
7/1/1938,0.318,0.426,0.354,0.416,0.354,0.468,0.376,0.43,0.46,0.488
8/1/1938,0.298,0.406,0.34,0.4,0.34,0.456,0.366,0.422,0.452,0.486
9/1/1938,0.292,0.4,0.336,0.398,0.336,0.452,0.364,0.422,0.454,0.486
10/1/1938,0.32,0.436,0.366,0.434,0.358,0.484,0.384,0.442,0.476,0.518
11/1/1938,0.298,0.43,0.356,0.42,0.348,0.48,0.382,0.438,0.472,0.52
12/1/1938,0.3,0.434,0.356,0.428,0.354,0.486,0.392,0.446,0.484,0.536
1/1/1939,0.294,0.418,0.344,0.412,0.34,0.468,0.374,0.428,0.46,0.512
2/1/1939,0.296,0.424,0.35,0.42,0.348,0.478,0.382,0.438,0.474,0.528
3/1/1939,0.268,0.388,0.322,0.388,0.316,0.432,0.352,0.404,0.428,0.474
4/1/1939,0.266,0.386,0.32,0.39,0.318,0.43,0.354,0.406,0.43,0.482
5/1/1939,0.274,0.396,0.334,0.406,0.33,0.45,0.368,0.422,0.454,0.514
6/1/1939,0.262,0.378,0.314,0.39,0.318,0.434,0.354,0.406,0.434,0.492
7/1/1939,0.278,0.406,0.338,0.422,0.34,0.462,0.374,0.432,0.458,0.53
8/1/1939,0.262,0.38,0.318,0.396,0.32,0.436,0.356,0.412,0.442,0.51
9/1/1939,0.4,0.492,0.402,0.488,0.374,0.5,0.404,0.446,0.486,0.548
10/1/1939,0.382,0.486,0.396,0.482,0.372,0.5,0.406,0.45,0.492,0.558
11/1/1939,0.368,0.462,0.382,0.464,0.356,0.482,0.392,0.428,0.474,0.53
12/1/1939,0.364,0.462,0.38,0.468,0.36,0.486,0.396,0.434,0.48,0.544
1/1/1940,0.362,0.452,0.376,0.46,0.352,0.482,0.394,0.432,0.476,0.542
2/1/1940,0.364,0.456,0.384,0.47,0.354,0.49,0.402,0.438,0.484,0.56
3/1/1940,0.37,0.46,0.388,0.478,0.358,0.496,0.406,0.446,0.49,0.57
4/1/1940,0.356,0.462,0.388,0.482,0.358,0.498,0.408,0.45,0.5,0.594
5/1/1940,0.31,0.394,0.332,0.418,0.312,0.434,0.356,0.392,0.432,0.504
6/1/1940,0.322,0.412,0.344,0.434,0.32,0.45,0.368,0.404,0.446,0.52
7/1/1940,0.326,0.418,0.35,0.442,0.326,0.458,0.374,0.412,0.458,0.534
8/1/1940,0.33,0.426,0.354,0.446,0.33,0.466,0.376,0.416,0.462,0.538
9/1/1940,0.334,0.434,0.362,0.454,0.336,0.476,0.384,0.424,0.47,0.546
10/1/1940,0.336,0.454,0.376,0.47,0.344,0.484,0.392,0.432,0.476,0.558
11/1/1940,0.33,0.45,0.38,0.472,0.344,0.484,0.39,0.432,0.478,0.56
12/1/1940,0.312,0.44,0.376,0.468,0.342,0.482,0.388,0.434,0.48,0.568
1/1/1941,0.34,0.44,0.378,0.464,0.336,0.472,0.38,0.424,0.472,0.556
2/1/1941,0.338,0.432,0.374,0.458,0.334,0.47,0.378,0.418,0.47,0.552
3/1/1941,0.336,0.438,0.376,0.462,0.336,0.47,0.38,0.422,0.476,0.554
4/1/1941,0.32,0.42,0.364,0.446,0.326,0.458,0.37,0.418,0.466,0.542
5/1/1941,0.318,0.42,0.366,0.448,0.33,0.462,0.372,0.422,0.47,0.548
6/1/1941,0.332,0.436,0.378,0.462,0.338,0.476,0.384,0.434,0.486,0.57
7/1/1941,0.372,0.47,0.404,0.49,0.356,0.502,0.402,0.458,0.51,0.604
8/1/1941,0.37,0.46,0.4,0.488,0.354,0.504,0.406,0.458,0.512,0.602
9/1/1941,0.362,0.458,0.4,0.482,0.352,0.496,0.402,0.454,0.506,0.594
10/1/1941,0.34,0.444,0.388,0.464,0.342,0.478,0.394,0.442,0.496,0.584
11/1/1941,0.322,0.434,0.378,0.454,0.336,0.472,0.392,0.44,0.494,0.582
12/1/1941,0.296,0.414,0.366,0.438,0.326,0.456,0.378,0.426,0.474,0.554
1/1/1942,0.342,0.454,0.382,0.462,0.34,0.472,0.39,0.44,0.502,0.606
2/1/1942,0.344,0.454,0.378,0.454,0.336,0.466,0.388,0.436,0.498,0.6
3/1/1942,0.336,0.446,0.366,0.442,0.328,0.45,0.382,0.428,0.482,0.58
4/1/1942,0.33,0.436,0.36,0.43,0.32,0.438,0.372,0.418,0.47,0.574
5/1/1942,0.34,0.448,0.368,0.442,0.322,0.442,0.374,0.418,0.474,0.574
6/1/1942,0.344,0.456,0.372,0.448,0.326,0.448,0.38,0.422,0.478,0.578
7/1/1942,0.352,0.464,0.382,0.458,0.332,0.462,0.388,0.428,0.488,0.6
8/1/1942,0.358,0.472,0.388,0.466,0.334,0.47,0.392,0.436,0.492,0.612
9/1/1942,0.378,0.482,0.396,0.472,0.338,0.478,0.4,0.442,0.502,0.64
10/1/1942,0.416,0.514,0.416,0.494,0.352,0.496,0.414,0.46,0.52,0.664
11/1/1942,0.41,0.51,0.412,0.496,0.348,0.494,0.412,0.462,0.514,0.648
12/1/1942,0.414,0.52,0.416,0.502,0.354,0.504,0.424,0.474,0.52,0.66
1/1/1943,0.446,0.556,0.444,0.528,0.38,0.538,0.454,0.514,0.58,0.76
2/1/1943,0.52,0.59,0.466,0.572,0.398,0.578,0.474,0.536,0.608,0.8
3/1/1943,0.55,0.616,0.488,0.602,0.416,0.602,0.5,0.572,0.652,0.856
4/1/1943,0.55,0.616,0.486,0.61,0.42,0.602,0.516,0.592,0.672,0.906
5/1/1943,0.562,0.636,0.502,0.63,0.43,0.628,0.54,0.622,0.712,0.982
6/1/1943,0.566,0.64,0.506,0.638,0.434,0.634,0.544,0.628,0.712,0.966
7/1/1943,0.558,0.626,0.494,0.622,0.42,0.618,0.526,0.606,0.676,0.908
8/1/1943,0.556,0.63,0.494,0.624,0.42,0.624,0.528,0.608,0.68,0.898
9/1/1943,0.558,0.638,0.5,0.632,0.426,0.638,0.54,0.62,0.698,0.922
10/1/1943,0.562,0.636,0.498,0.632,0.426,0.636,0.536,0.62,0.7,0.912
11/1/1943,0.534,0.612,0.484,0.606,0.41,0.614,0.518,0.588,0.66,0.844
12/1/1943,0.552,0.636,0.5,0.628,0.428,0.638,0.546,0.628,0.702,0.906
1/1/1944,0.564,0.646,0.51,0.64,0.438,0.648,0.56,0.648,0.716,0.94
2/1/1944,0.566,0.65,0.512,0.646,0.442,0.652,0.564,0.65,0.726,0.952
3/1/1944,0.576,0.658,0.518,0.656,0.448,0.666,0.572,0.664,0.756,0.982
4/1/1944,0.562,0.646,0.512,0.646,0.442,0.658,0.566,0.656,0.744,0.97
5/1/1944,0.574,0.666,0.528,0.668,0.454,0.684,0.586,0.68,0.774,1.008
6/1/1944,0.636,0.72,0.552,0.698,0.476,0.714,0.606,0.706,0.808,1.036
7/1/1944,0.624,0.724,0.546,0.696,0.474,0.71,0.602,0.704,0.802,1.026
8/1/1944,0.626,0.728,0.55,0.706,0.478,0.718,0.612,0.72,0.824,1.064
9/1/1944,0.628,0.726,0.554,0.706,0.476,0.718,0.614,0.72,0.824,1.058
10/1/1944,0.628,0.724,0.556,0.704,0.478,0.724,0.612,0.72,0.82,1.052
11/1/1944,0.632,0.732,0.56,0.71,0.484,0.734,0.62,0.73,0.832,1.072
12/1/1944,0.65,0.75,0.58,0.728,0.5,0.762,0.644,0.758,0.876,1.114
1/1/1945,0.664,0.762,0.592,0.742,0.508,0.776,0.652,0.772,0.904,1.16
2/1/1945,0.694,0.788,0.61,0.768,0.53,0.812,0.678,0.812,0.944,1.226
3/1/1945,0.68,0.774,0.596,0.75,0.512,0.79,0.66,0.79,0.908,1.17
4/1/1945,0.704,0.8,0.618,0.776,0.538,0.824,0.692,0.826,0.956,1.244
5/1/1945,0.72,0.812,0.626,0.79,0.54,0.836,0.702,0.838,0.978,1.264
6/1/1945,0.728,0.818,0.632,0.794,0.548,0.842,0.714,0.86,1.012,1.318
7/1/1945,0.716,0.808,0.622,0.786,0.538,0.828,0.702,0.844,0.988,1.282
8/1/1945,0.738,0.836,0.644,0.816,0.558,0.862,0.73,0.874,1.016,1.304
9/1/1945,0.76,0.862,0.66,0.844,0.578,0.886,0.754,0.906,1.05,1.34
10/1/1945,0.788,0.884,0.68,0.876,0.598,0.92,0.776,0.934,1.082,1.386
11/1/1945,0.82,0.912,0.706,0.916,0.62,0.966,0.814,0.986,1.156,1.452
12/1/1945,0.826,0.922,0.71,0.928,0.626,0.984,0.824,1.004,1.17,1.478
1/1/1946,0.858,0.946,0.738,0.968,0.658,1.038,0.866,1.046,1.234,1.588
2/1/1946,0.84,0.916,0.718,0.934,0.64,1.004,0.83,1.01,1.19,1.526
3/1/1946,0.86,0.938,0.736,0.958,0.656,1.038,0.858,1.05,1.23,1.566
4/1/1946,0.874,0.954,0.748,0.98,0.676,1.068,0.882,1.084,1.272,1.622
5/1/1946,0.902,0.982,0.764,1.016,0.698,1.1,0.908,1.116,1.302,1.65
6/1/1946,0.882,0.966,0.748,1,0.678,1.074,0.884,1.082,1.264,1.598
7/1/1946,0.858,0.948,0.734,0.978,0.662,1.052,0.864,1.062,1.24,1.568
8/1/1946,0.824,0.916,0.708,0.948,0.64,1.014,0.828,1.018,1.188,1.504
9/1/1946,0.754,0.852,0.658,0.888,0.6,0.95,0.778,0.954,1.116,1.398
10/1/1946,0.746,0.844,0.654,0.88,0.6,0.946,0.776,0.95,1.108,1.388
11/1/1946,0.736,0.838,0.656,0.88,0.6,0.952,0.778,0.952,1.104,1.38
12/1/1946,0.744,0.852,0.68,0.904,0.614,0.974,0.796,0.966,1.132,1.43
1/1/1947,0.774,0.884,0.696,0.926,0.622,0.988,0.798,0.972,1.128,1.428
2/1/1947,0.774,0.88,0.69,0.924,0.62,0.986,0.798,0.968,1.124,1.424
3/1/1947,0.746,0.862,0.678,0.91,0.612,0.974,0.79,0.962,1.114,1.416
4/1/1947,0.692,0.816,0.646,0.87,0.59,0.94,0.764,0.94,1.078,1.368
5/1/1947,0.666,0.792,0.628,0.854,0.582,0.924,0.752,0.928,1.066,1.354
6/1/1947,0.694,0.814,0.646,0.884,0.596,0.95,0.776,0.952,1.09,1.386
7/1/1947,0.722,0.848,0.668,0.912,0.616,0.976,0.794,0.976,1.116,1.426
8/1/1947,0.706,0.836,0.656,0.906,0.61,0.968,0.79,0.976,1.112,1.422
9/1/1947,0.714,0.83,0.658,0.908,0.612,0.968,0.794,0.978,1.118,1.44
10/1/1947,0.724,0.848,0.67,0.926,0.62,0.986,0.804,0.994,1.132,1.474
11/1/1947,0.698,0.828,0.654,0.91,0.612,0.972,0.798,0.988,1.128,1.474
12/1/1947,0.694,0.832,0.654,0.922,0.62,0.978,0.808,1,1.158,1.516
1/1/1948,0.702,0.834,0.656,0.922,0.61,0.964,0.798,0.986,1.134,1.486
2/1/1948,0.67,0.806,0.634,0.894,0.594,0.94,0.78,0.96,1.1,1.444
3/1/1948,0.712,0.846,0.658,0.938,0.62,0.976,0.812,1.008,1.152,1.532
4/1/1948,0.712,0.856,0.672,0.95,0.634,0.988,0.828,1.032,1.184,1.588
5/1/1948,0.75,0.898,0.694,0.99,0.666,1.024,0.86,1.08,1.244,1.654
6/1/1948,0.728,0.886,0.686,0.978,0.66,1.018,0.856,1.08,1.246,1.684
7/1/1948,0.708,0.86,0.672,0.96,0.644,0.988,0.832,1.052,1.202,1.638
8/1/1948,0.702,0.858,0.672,0.958,0.644,0.984,0.832,1.054,1.202,1.642
9/1/1948,0.676,0.84,0.662,0.944,0.634,0.966,0.816,1.03,1.174,1.596
10/1/1948,0.69,0.858,0.68,0.966,0.646,0.992,0.842,1.064,1.208,1.652
11/1/1948,0.636,0.812,0.644,0.926,0.618,0.946,0.802,1.01,1.146,1.546
12/1/1948,0.628,0.81,0.642,0.926,0.622,0.952,0.808,1.024,1.168,1.582
1/1/1949,0.646,0.824,0.646,0.94,0.628,0.958,0.814,1.028,1.172,1.578
2/1/1949,0.626,0.806,0.632,0.922,0.618,0.934,0.802,1.008,1.15,1.544
3/1/1949,0.65,0.832,0.656,0.944,0.638,0.954,0.824,1.034,1.18,1.6
4/1/1949,0.632,0.812,0.642,0.926,0.63,0.94,0.812,1.026,1.172,1.59
5/1/1949,0.606,0.786,0.626,0.906,0.616,0.924,0.802,1.006,1.16,1.57
6/1/1949,0.604,0.784,0.624,0.902,0.61,0.916,0.798,1.006,1.152,1.568
7/1/1949,0.626,0.812,0.646,0.934,0.63,0.944,0.82,1.032,1.184,1.614
8/1/1949,0.632,0.822,0.648,0.946,0.64,0.958,0.83,1.042,1.204,1.632
9/1/1949,0.656,0.846,0.662,0.964,0.652,0.97,0.846,1.06,1.226,1.674
10/1/1949,0.678,0.86,0.678,0.984,0.66,0.988,0.862,1.074,1.246,1.712
11/1/1949,0.666,0.864,0.682,0.988,0.66,0.994,0.868,1.08,1.264,1.73
12/1/1949,0.696,0.904,0.706,1.028,0.678,1.024,0.894,1.116,1.308,1.788
1/1/1950,0.722,0.932,0.724,1.048,0.686,1.042,0.906,1.132,1.326,1.824
2/1/1950,0.722,0.942,0.73,1.05,0.688,1.05,0.91,1.14,1.352,1.846
3/1/1950,0.714,0.938,0.73,1.05,0.686,1.05,0.908,1.146,1.35,1.864
4/1/1950,0.74,0.97,0.746,1.072,0.706,1.074,0.922,1.172,1.378,1.904
5/1/1950,0.754,0.99,0.752,1.086,0.72,1.088,0.94,1.192,1.402,1.936
6/1/1950,0.728,0.96,0.724,1.054,0.694,1.048,0.906,1.14,1.334,1.85
7/1/1950,0.75,0.99,0.734,1.08,0.714,1.078,0.934,1.18,1.378,1.868
8/1/1950,0.766,1.01,0.752,1.11,0.728,1.1,0.956,1.216,1.422,1.934
9/1/1950,0.792,1.036,0.776,1.138,0.744,1.128,0.982,1.248,1.458,1.988
10/1/1950,0.788,1.024,0.776,1.138,0.742,1.124,0.982,1.248,1.462,1.992
11/1/1950,0.788,1.026,0.78,1.152,0.754,1.156,0.994,1.28,1.494,2.056
12/1/1950,0.812,1.054,0.806,1.194,0.79,1.202,1.042,1.344,1.574,2.192
1/1/1951,0.846,1.09,0.836,1.232,0.818,1.244,1.084,1.392,1.642,2.29
2/1/1951,0.856,1.102,0.844,1.236,0.824,1.248,1.084,1.394,1.648,2.3
3/1/1951,0.852,1.086,0.836,1.22,0.814,1.226,1.062,1.36,1.608,2.23
4/1/1951,0.856,1.092,0.844,1.24,0.826,1.254,1.094,1.404,1.656,2.306
5/1/1951,0.846,1.08,0.836,1.224,0.814,1.244,1.08,1.39,1.636,2.266
6/1/1951,0.83,1.066,0.824,1.202,0.796,1.216,1.048,1.354,1.59,2.174
7/1/1951,0.84,1.086,0.84,1.23,0.818,1.25,1.088,1.416,1.67,2.294
8/1/1951,0.866,1.11,0.856,1.252,0.836,1.282,1.116,1.45,1.718,2.346
9/1/1951,0.87,1.124,0.864,1.27,0.844,1.294,1.132,1.478,1.736,2.372
10/1/1951,0.86,1.11,0.858,1.26,0.836,1.27,1.112,1.458,1.716,2.338
11/1/1951,0.858,1.112,0.858,1.266,0.84,1.272,1.12,1.466,1.728,2.348
12/1/1951,0.86,1.116,0.864,1.272,0.846,1.284,1.13,1.482,1.752,2.37
1/1/1952,0.866,1.118,0.868,1.286,0.854,1.296,1.136,1.502,1.768,2.4
2/1/1952,0.852,1.106,0.86,1.278,0.848,1.292,1.126,1.488,1.744,2.358
3/1/1952,0.858,1.12,0.87,1.296,0.858,1.312,1.142,1.512,1.778,2.414
4/1/1952,0.832,1.1,0.854,1.268,0.842,1.288,1.12,1.48,1.73,2.326
5/1/1952,0.84,1.108,0.864,1.28,0.852,1.304,1.136,1.5,1.758,2.358
6/1/1952,0.85,1.122,0.874,1.304,0.866,1.32,1.156,1.526,1.786,2.404
7/1/1952,0.85,1.126,0.882,1.314,0.874,1.332,1.162,1.532,1.796,2.416
8/1/1952,0.848,1.124,0.88,1.318,0.872,1.328,1.164,1.534,1.798,2.414
9/1/1952,0.834,1.11,0.872,1.306,0.866,1.324,1.162,1.524,1.794,2.396
10/1/1952,0.824,1.094,0.864,1.302,0.858,1.318,1.156,1.526,1.788,2.404
11/1/1952,0.846,1.128,0.882,1.336,0.88,1.354,1.19,1.57,1.842,2.482
12/1/1952,0.85,1.134,0.888,1.346,0.894,1.372,1.208,1.6,1.864,2.516
1/1/1953,0.868,1.146,0.898,1.362,0.904,1.39,1.22,1.626,1.876,2.542
2/1/1953,0.874,1.152,0.902,1.364,0.91,1.398,1.226,1.64,1.886,2.568
3/1/1953,0.868,1.144,0.898,1.366,0.908,1.39,1.216,1.634,1.876,2.534
4/1/1953,0.85,1.124,0.888,1.352,0.9,1.378,1.206,1.62,1.856,2.51
5/1/1953,0.848,1.124,0.888,1.36,0.902,1.382,1.208,1.632,1.866,2.53
6/1/1953,0.826,1.112,0.874,1.336,0.886,1.36,1.194,1.604,1.842,2.486
7/1/1953,0.828,1.122,0.882,1.348,0.894,1.376,1.206,1.618,1.854,2.51
8/1/1953,0.8,1.084,0.856,1.312,0.878,1.344,1.18,1.584,1.812,2.448
9/1/1953,0.782,1.068,0.852,1.308,0.872,1.34,1.176,1.582,1.818,2.452
10/1/1953,0.788,1.088,0.87,1.33,0.888,1.37,1.198,1.61,1.852,2.512
11/1/1953,0.794,1.096,0.876,1.336,0.902,1.384,1.214,1.636,1.878,2.554
12/1/1953,0.764,1.072,0.86,1.326,0.896,1.378,1.216,1.642,1.886,2.574
1/1/1954,0.814,1.128,0.898,1.376,0.928,1.422,1.246,1.676,1.926,2.626
2/1/1954,0.814,1.128,0.908,1.38,0.932,1.43,1.26,1.692,1.948,2.656
3/1/1954,0.822,1.144,0.914,1.39,0.94,1.452,1.282,1.716,1.988,2.734
4/1/1954,0.812,1.14,0.914,1.4,0.946,1.474,1.304,1.734,2.028,2.792
5/1/1954,0.836,1.17,0.942,1.426,0.964,1.5,1.33,1.764,2.056,2.848
6/1/1954,0.838,1.166,0.942,1.434,0.97,1.522,1.338,1.774,2.08,2.89
7/1/1954,0.878,1.21,0.976,1.482,1.002,1.566,1.382,1.844,2.146,3.004
8/1/1954,0.878,1.21,0.972,1.476,1,1.564,1.368,1.83,2.124,2.988
9/1/1954,0.894,1.234,0.988,1.506,1.02,1.598,1.4,1.88,2.176,3.078
10/1/1954,0.886,1.226,0.984,1.496,1.016,1.594,1.392,1.876,2.182,3.082
11/1/1954,0.928,1.278,1.024,1.552,1.054,1.66,1.466,1.97,2.298,3.242
12/1/1954,0.986,1.348,1.062,1.614,1.094,1.732,1.528,2.054,2.388,3.382
1/1/1955,0.992,1.35,1.068,1.624,1.098,1.74,1.544,2.058,2.414,3.45
2/1/1955,1.012,1.37,1.086,1.652,1.116,1.78,1.584,2.12,2.474,3.542
3/1/1955,1.008,1.37,1.086,1.652,1.114,1.782,1.582,2.11,2.494,3.568
4/1/1955,1.018,1.388,1.098,1.668,1.124,1.812,1.606,2.132,2.518,3.604
5/1/1955,1.018,1.396,1.102,1.68,1.128,1.816,1.616,2.132,2.522,3.63
6/1/1955,1.028,1.418,1.116,1.708,1.148,1.85,1.656,2.172,2.572,3.714
7/1/1955,1.036,1.428,1.122,1.71,1.158,1.852,1.662,2.172,2.594,3.692
8/1/1955,1.032,1.426,1.122,1.712,1.158,1.862,1.67,2.18,2.612,3.738
9/1/1955,1.026,1.426,1.116,1.704,1.148,1.854,1.658,2.18,2.598,3.752
10/1/1955,1.014,1.412,1.106,1.69,1.142,1.85,1.648,2.156,2.578,3.702
11/1/1955,1.042,1.438,1.124,1.726,1.172,1.9,1.692,2.224,2.672,3.85
12/1/1955,1.056,1.458,1.138,1.744,1.188,1.916,1.704,2.262,2.702,3.888
1/1/1956,1.05,1.446,1.13,1.736,1.176,1.9,1.676,2.238,2.67,3.804
2/1/1956,1.064,1.464,1.14,1.764,1.194,1.928,1.702,2.276,2.74,3.904
3/1/1956,1.072,1.496,1.162,1.806,1.226,1.974,1.75,2.348,2.844,4.044
4/1/1956,1.07,1.494,1.16,1.796,1.224,1.976,1.758,2.358,2.874,4.104
5/1/1956,1.044,1.464,1.144,1.764,1.208,1.938,1.722,2.294,2.792,4.028
6/1/1956,1.046,1.47,1.152,1.774,1.22,1.952,1.742,2.334,2.842,4.124
7/1/1956,1.052,1.494,1.172,1.796,1.244,2.002,1.778,2.39,2.912,4.25
8/1/1956,1.042,1.482,1.162,1.78,1.236,2,1.764,2.36,2.868,4.202
9/1/1956,1.018,1.46,1.144,1.754,1.222,1.966,1.73,2.316,2.794,4.12
10/1/1956,1.014,1.456,1.14,1.758,1.228,1.974,1.74,2.324,2.82,4.192
11/1/1956,1.002,1.456,1.138,1.756,1.23,1.982,1.75,2.344,2.842,4.258
12/1/1956,1.002,1.46,1.14,1.774,1.238,2,1.768,2.398,2.904,4.386
1/1/1957,1.024,1.472,1.148,1.776,1.242,2.006,1.76,2.386,2.86,4.358
2/1/1957,1.002,1.45,1.138,1.766,1.232,1.99,1.742,2.352,2.828,4.298
3/1/1957,1.01,1.46,1.154,1.784,1.25,2.022,1.762,2.38,2.852,4.36
4/1/1957,1.018,1.476,1.166,1.81,1.266,2.036,1.788,2.41,2.9,4.458
5/1/1957,1.028,1.498,1.174,1.826,1.278,2.06,1.806,2.422,2.944,4.526
6/1/1957,1.028,1.49,1.166,1.816,1.272,2.046,1.798,2.418,2.922,4.546
7/1/1957,1.024,1.496,1.172,1.826,1.276,2.056,1.804,2.432,2.914,4.532
8/1/1957,0.984,1.452,1.146,1.79,1.254,2.034,1.768,2.374,2.834,4.398
9/1/1957,0.946,1.4,1.116,1.748,1.224,1.986,1.734,2.332,2.768,4.25
10/1/1957,0.894,1.344,1.078,1.698,1.196,1.936,1.688,2.276,2.686,4.112
11/1/1957,0.908,1.346,1.078,1.706,1.2,1.954,1.704,2.316,2.738,4.206
12/1/1957,0.856,1.286,1.036,1.644,1.176,1.92,1.698,2.302,2.716,4.19
1/1/1958,0.946,1.38,1.102,1.738,1.246,2.004,1.76,2.382,2.796,4.302
2/1/1958,0.922,1.358,1.084,1.718,1.24,1.998,1.764,2.386,2.814,4.34
3/1/1958,0.942,1.39,1.112,1.734,1.26,2.024,1.788,2.418,2.864,4.458
4/1/1958,0.962,1.41,1.124,1.752,1.276,2.062,1.81,2.45,2.926,4.562
5/1/1958,0.986,1.44,1.148,1.784,1.3,2.108,1.838,2.482,2.978,4.642
6/1/1958,1.02,1.464,1.164,1.82,1.32,2.126,1.858,2.518,3.002,4.722
7/1/1958,1.068,1.53,1.2,1.878,1.358,2.184,1.898,2.554,3.044,4.782
8/1/1958,1.078,1.556,1.216,1.906,1.38,2.224,1.936,2.58,3.078,4.888
9/1/1958,1.122,1.598,1.248,1.96,1.414,2.274,1.978,2.63,3.158,5.008
10/1/1958,1.134,1.606,1.262,1.972,1.44,2.306,2.016,2.68,3.232,5.194
11/1/1958,1.15,1.638,1.288,2.014,1.462,2.348,2.06,2.732,3.314,5.378
12/1/1958,1.172,1.676,1.318,2.044,1.492,2.382,2.104,2.776,3.372,5.484
1/1/1959,1.192,1.712,1.346,2.086,1.528,2.452,2.152,2.83,3.422,5.602
2/1/1959,1.206,1.724,1.352,2.102,1.548,2.474,2.198,2.882,3.49,5.754
3/1/1959,1.206,1.728,1.356,2.114,1.558,2.49,2.216,2.906,3.51,5.836
4/1/1959,1.208,1.74,1.366,2.126,1.568,2.522,2.256,2.982,3.582,5.988
5/1/1959,1.208,1.742,1.372,2.124,1.584,2.53,2.28,2.996,3.6,6.006
6/1/1959,1.194,1.736,1.37,2.128,1.586,2.524,2.288,3.028,3.65,6.068
7/1/1959,1.214,1.762,1.386,2.162,1.606,2.552,2.326,3.086,3.74,6.138
8/1/1959,1.196,1.756,1.39,2.16,1.604,2.544,2.298,3.052,3.7,6.04
9/1/1959,1.17,1.704,1.358,2.118,1.568,2.488,2.248,2.974,3.626,5.91
10/1/1959,1.166,1.702,1.372,2.126,1.578,2.502,2.266,3.026,3.718,6.098
11/1/1959,1.17,1.708,1.374,2.14,1.588,2.512,2.296,3.042,3.76,6.226
12/1/1959,1.174,1.73,1.382,2.164,1.612,2.534,2.32,3.096,3.806,6.296
1/1/1960,1.164,1.708,1.364,2.136,1.584,2.504,2.26,3.002,3.698,6.094
2/1/1960,1.15,1.708,1.362,2.15,1.592,2.518,2.272,3.014,3.728,6.22
3/1/1960,1.118,1.688,1.348,2.122,1.57,2.504,2.25,2.99,3.706,6.122
4/1/1960,1.094,1.65,1.33,2.104,1.56,2.488,2.232,2.97,3.668,6.14
5/1/1960,1.1,1.65,1.332,2.112,1.578,2.5,2.262,3.008,3.744,6.35
6/1/1960,1.1,1.672,1.336,2.132,1.602,2.516,2.284,3.05,3.808,6.478
7/1/1960,1.086,1.668,1.32,2.118,1.592,2.502,2.266,3.022,3.774,6.338
8/1/1960,1.11,1.69,1.354,2.156,1.612,2.54,2.306,3.09,3.866,6.494
9/1/1960,1.06,1.628,1.314,2.088,1.57,2.466,2.26,3.008,3.774,6.26
10/1/1960,1.032,1.602,1.296,2.068,1.56,2.45,2.248,2.994,3.756,6.148
11/1/1960,1.046,1.634,1.316,2.104,1.588,2.506,2.3,3.092,3.846,6.408
12/1/1960,1.066,1.658,1.338,2.146,1.62,2.54,2.344,3.154,3.93,6.55
1/1/1961,1.134,1.76,1.402,2.24,1.684,2.616,2.428,3.258,4.06,6.67
2/1/1961,1.18,1.81,1.44,2.3,1.724,2.688,2.496,3.346,4.17,6.964
3/1/1961,1.214,1.842,1.468,2.346,1.77,2.736,2.546,3.426,4.294,7.24
4/1/1961,1.2,1.84,1.462,2.348,1.782,2.756,2.558,3.468,4.332,7.314
5/1/1961,1.238,1.882,1.502,2.404,1.81,2.808,2.608,3.548,4.42,7.386
6/1/1961,1.204,1.832,1.47,2.362,1.774,2.776,2.554,3.478,4.344,7.2
7/1/1961,1.198,1.842,1.486,2.372,1.79,2.802,2.582,3.49,4.36,7.256
8/1/1961,1.21,1.848,1.496,2.39,1.808,2.838,2.616,3.522,4.428,7.41
9/1/1961,1.182,1.81,1.468,2.36,1.792,2.812,2.594,3.478,4.372,7.306
10/1/1961,1.182,1.808,1.478,2.378,1.822,2.844,2.63,3.516,4.432,7.52
11/1/1961,1.21,1.84,1.504,2.43,1.858,2.908,2.684,3.604,4.562,7.794
12/1/1961,1.218,1.85,1.502,2.434,1.862,2.9,2.666,3.57,4.538,7.718
1/1/1962,1.222,1.856,1.5,2.448,1.864,2.898,2.65,3.542,4.49,7.572
2/1/1962,1.224,1.864,1.514,2.474,1.884,2.938,2.676,3.558,4.504,7.622
3/1/1962,1.204,1.85,1.504,2.466,1.886,2.93,2.684,3.578,4.492,7.614
4/1/1962,1.152,1.774,1.446,2.38,1.826,2.852,2.614,3.474,4.34,7.376
5/1/1962,1.08,1.688,1.378,2.272,1.74,2.75,2.494,3.308,4.12,6.962
6/1/1962,1.004,1.586,1.308,2.168,1.674,2.656,2.41,3.194,3.996,6.778
7/1/1962,1.052,1.64,1.338,2.226,1.712,2.756,2.48,3.286,4.136,7.004
8/1/1962,1.082,1.662,1.354,2.26,1.732,2.784,2.522,3.32,4.168,7.12
9/1/1962,1.03,1.596,1.302,2.188,1.678,2.706,2.474,3.246,4.096,6.932
10/1/1962,1.006,1.58,1.282,2.152,1.668,2.71,2.46,3.224,4.06,6.834
11/1/1962,1.116,1.728,1.386,2.306,1.78,2.874,2.594,3.388,4.272,7.186
12/1/1962,1.086,1.69,1.366,2.288,1.77,2.878,2.606,3.408,4.308,7.26
1/1/1963,1.142,1.766,1.434,2.372,1.84,2.978,2.688,3.522,4.446,7.522
2/1/1963,1.12,1.74,1.416,2.346,1.824,2.968,2.69,3.516,4.436,7.524
3/1/1963,1.118,1.748,1.432,2.362,1.848,2.996,2.734,3.552,4.49,7.656
4/1/1963,1.134,1.782,1.458,2.412,1.88,3.056,2.788,3.642,4.586,7.798
5/1/1963,1.154,1.812,1.478,2.452,1.902,3.106,2.834,3.706,4.664,7.972
6/1/1963,1.14,1.794,1.464,2.43,1.886,3.084,2.806,3.692,4.648,7.908
7/1/1963,1.128,1.79,1.45,2.42,1.88,3.08,2.786,3.678,4.638,7.884
8/1/1963,1.146,1.814,1.476,2.462,1.924,3.144,2.848,3.768,4.76,8.206
9/1/1963,1.136,1.81,1.47,2.464,1.912,3.136,2.83,3.724,4.722,8.17
10/1/1963,1.142,1.812,1.466,2.464,1.922,3.178,2.85,3.764,4.792,8.324
11/1/1963,1.12,1.802,1.458,2.454,1.908,3.164,2.842,3.748,4.77,8.252
12/1/1963,1.096,1.784,1.454,2.462,1.92,3.168,2.866,3.786,4.796,8.238
1/1/1964,1.126,1.808,1.482,2.492,1.94,3.212,2.912,3.858,4.84,8.384
2/1/1964,1.142,1.834,1.5,2.512,1.96,3.254,2.946,3.904,4.908,8.534
3/1/1964,1.146,1.858,1.532,2.55,1.99,3.3,2.994,3.964,4.992,8.672
4/1/1964,1.15,1.846,1.538,2.546,2,3.31,2.986,3.956,4.996,8.662
5/1/1964,1.14,1.85,1.544,2.558,2.004,3.334,3.01,3.98,5.034,8.77
6/1/1964,1.142,1.856,1.55,2.574,2.018,3.364,3.034,4.004,5.066,8.82
7/1/1964,1.158,1.878,1.574,2.614,2.056,3.418,3.076,4.062,5.152,8.924
8/1/1964,1.152,1.878,1.576,2.618,2.05,3.402,3.07,4.042,5.126,8.884
9/1/1964,1.176,1.9,1.626,2.666,2.078,3.44,3.128,4.13,5.22,9.1
10/1/1964,1.18,1.912,1.646,2.682,2.108,3.458,3.17,4.182,5.29,9.224
11/1/1964,1.162,1.908,1.652,2.696,2.126,3.46,3.192,4.178,5.298,9.224
12/1/1964,1.144,1.902,1.64,2.684,2.116,3.446,3.184,4.152,5.264,9.136
1/1/1965,1.208,1.972,1.692,2.754,2.178,3.562,3.29,4.276,5.428,9.492
2/1/1965,1.23,2.008,1.716,2.778,2.216,3.616,3.348,4.338,5.526,9.692
3/1/1965,1.24,2.032,1.728,2.796,2.212,3.618,3.358,4.378,5.566,9.812
4/1/1965,1.26,2.068,1.762,2.848,2.25,3.692,3.424,4.488,5.722,10.062
5/1/1965,1.25,2.058,1.754,2.834,2.236,3.684,3.42,4.488,5.702,10.102
6/1/1965,1.19,1.984,1.698,2.738,2.168,3.55,3.276,4.29,5.424,9.546
7/1/1965,1.196,1.998,1.718,2.77,2.198,3.59,3.324,4.378,5.55,9.792
8/1/1965,1.218,2.038,1.75,2.806,2.23,3.648,3.394,4.49,5.702,10.072
9/1/1965,1.222,2.054,1.77,2.846,2.256,3.684,3.454,4.582,5.844,10.278
10/1/1965,1.262,2.11,1.802,2.908,2.304,3.796,3.546,4.718,6.032,10.736
11/1/1965,1.286,2.154,1.816,2.95,2.344,3.89,3.656,4.814,6.23,11.234
12/1/1965,1.32,2.198,1.844,2.994,2.396,3.964,3.738,4.92,6.332,11.504
1/1/1966,1.374,2.262,1.876,3.056,2.464,4.072,3.848,5.06,6.582,12.04
2/1/1966,1.394,2.258,1.882,3.076,2.484,4.114,3.91,5.13,6.716,12.584
3/1/1966,1.39,2.244,1.868,3.058,2.466,4.082,3.9,5.098,6.664,12.64
4/1/1966,1.39,2.25,1.886,3.118,2.51,4.18,4.02,5.252,6.9,13.246
5/1/1966,1.334,2.188,1.84,3.034,2.42,4.022,3.846,5.02,6.524,12.25
6/1/1966,1.32,2.174,1.826,3.022,2.414,3.986,3.826,5.03,6.538,12.328
7/1/1966,1.308,2.174,1.814,3.006,2.398,3.942,3.8,4.98,6.484,12.198
8/1/1966,1.236,2.076,1.744,2.876,2.294,3.758,3.608,4.714,6.13,11.456
9/1/1966,1.224,2.064,1.738,2.852,2.282,3.73,3.574,4.656,6.064,11.31
10/1/1966,1.208,2.088,1.76,2.872,2.298,3.732,3.568,4.62,5.972,10.912
11/1/1966,1.238,2.118,1.768,2.888,2.318,3.804,3.614,4.68,6.146,11.432
12/1/1966,1.238,2.126,1.786,2.91,2.332,3.824,3.656,4.734,6.194,11.632
1/1/1967,1.42,2.34,1.962,3.13,2.52,4.07,3.88,5.022,6.626,12.508
2/1/1967,1.464,2.388,1.994,3.178,2.57,4.136,3.944,5.086,6.786,12.878
3/1/1967,1.498,2.45,2.044,3.276,2.646,4.224,4.088,5.226,7.008,13.45
4/1/1967,1.518,2.486,2.092,3.36,2.682,4.298,4.164,5.366,7.188,13.868
5/1/1967,1.512,2.49,2.094,3.35,2.688,4.256,4.122,5.378,7.134,13.754
6/1/1967,1.572,2.562,2.142,3.432,2.786,4.368,4.292,5.634,7.552,14.764
7/1/1967,1.66,2.682,2.226,3.546,2.882,4.546,4.488,5.868,7.828,15.414
8/1/1967,1.678,2.692,2.254,3.566,2.906,4.554,4.514,5.89,7.852,15.31
9/1/1967,1.718,2.746,2.312,3.638,2.998,4.684,4.66,6.084,8.232,15.916
10/1/1967,1.682,2.698,2.28,3.586,2.962,4.616,4.598,6.05,8.216,15.916
11/1/1967,1.686,2.684,2.292,3.574,2.946,4.63,4.626,6.068,8.186,15.934
12/1/1967,1.718,2.76,2.34,3.684,3.016,4.806,4.804,6.284,8.594,17.02
1/1/1968,1.73,2.77,2.374,3.71,3.072,4.87,4.866,6.368,8.698,17.262
2/1/1968,1.688,2.73,2.348,3.646,3.008,4.748,4.752,6.176,8.418,16.452
3/1/1968,1.666,2.718,2.33,3.636,3.002,4.724,4.704,6.158,8.404,16.402
4/1/1968,1.782,2.84,2.446,3.818,3.162,5.006,5.01,6.602,9.102,18.052
5/1/1968,1.85,2.908,2.53,3.954,3.268,5.194,5.206,6.892,9.606,19.472
6/1/1968,1.86,2.958,2.566,3.99,3.31,5.256,5.254,6.91,9.698,19.486
7/1/1968,1.812,2.92,2.538,3.916,3.282,5.202,5.198,6.822,9.554,19.26
8/1/1968,1.818,2.94,2.572,3.96,3.34,5.292,5.288,6.96,9.786,19.882
9/1/1968,1.892,3.034,2.658,4.06,3.432,5.424,5.43,7.196,10.14,20.838
10/1/1968,1.892,3.056,2.682,4.074,3.464,5.454,5.494,7.208,10.256,20.742
11/1/1968,1.966,3.156,2.788,4.204,3.616,5.632,5.67,7.418,10.618,21.64
12/1/1968,1.948,3.156,2.782,4.224,3.632,5.668,5.7,7.444,10.684,21.736
1/1/1969,1.938,3.166,2.786,4.21,3.634,5.64,5.688,7.416,10.688,21.65
2/1/1969,1.838,3.058,2.7,4.066,3.508,5.434,5.448,7.1,10.218,20.444
3/1/1969,1.832,3.052,2.706,4.072,3.522,5.466,5.512,7.21,10.398,20.97
4/1/1969,1.824,3.056,2.702,4.074,3.516,5.504,5.54,7.232,10.456,21.06
5/1/1969,1.812,3.06,2.698,4.07,3.546,5.506,5.534,7.256,10.46,21.32
6/1/1969,1.688,2.874,2.55,3.856,3.374,5.264,5.262,6.912,9.882,19.854
7/1/1969,1.58,2.708,2.428,3.71,3.254,5.07,5.06,6.614,9.422,18.84
8/1/1969,1.62,2.77,2.488,3.77,3.314,5.166,5.168,6.778,9.734,19.626
9/1/1969,1.584,2.718,2.448,3.728,3.282,5.094,5.118,6.696,9.682,19.534
10/1/1969,1.706,2.864,2.568,3.866,3.404,5.292,5.292,6.926,10.038,20.216
11/1/1969,1.63,2.762,2.48,3.778,3.298,5.136,5.172,6.804,9.882,19.982
12/1/1969,1.526,2.622,2.374,3.614,3.188,4.998,5.08,6.672,9.786,19.77
1/1/1970,1.52,2.608,2.344,3.546,3.112,4.856,4.956,6.468,9.414,19.142
2/1/1970,1.544,2.652,2.396,3.622,3.19,4.976,5.078,6.648,9.71,19.538
3/1/1970,1.514,2.614,2.374,3.6,3.18,4.978,5.052,6.618,9.586,19.03
4/1/1970,1.358,2.384,2.178,3.326,2.954,4.674,4.778,6.154,8.852,17.35
5/1/1970,1.306,2.27,2.082,3.178,2.796,4.456,4.582,5.852,8.454,16.516
6/1/1970,1.226,2.148,1.99,3.072,2.706,4.31,4.452,5.724,8.36,16.35
7/1/1970,1.252,2.2,2.056,3.182,2.796,4.456,4.612,5.912,8.62,16.762
8/1/1970,1.31,2.302,2.124,3.288,2.87,4.58,4.724,6.04,8.746,16.996
9/1/1970,1.464,2.508,2.28,3.49,3.01,4.742,4.86,6.204,8.974,17.656
10/1/1970,1.366,2.37,2.194,3.412,2.95,4.71,4.824,6.156,9.002,17.566
11/1/1970,1.33,2.35,2.186,3.42,2.978,4.764,4.91,6.294,9.194,17.938
12/1/1970,1.374,2.46,2.276,3.568,3.124,5,5.122,6.536,9.53,18.542
1/1/1971,1.522,2.688,2.484,3.814,3.276,5.258,5.356,6.79,9.864,19.196
2/1/1971,1.588,2.748,2.538,3.882,3.336,5.342,5.426,6.856,9.968,19.722
3/1/1971,1.632,2.826,2.614,4.018,3.418,5.496,5.516,7.068,10.218,20.4
4/1/1971,1.64,2.858,2.66,4.082,3.464,5.55,5.586,7.184,10.438,20.698
5/1/1971,1.582,2.786,2.592,3.972,3.372,5.434,5.47,6.99,10.194,20.32
6/1/1971,1.544,2.748,2.57,3.916,3.346,5.39,5.426,6.95,10.208,20.408
7/1/1971,1.492,2.696,2.524,3.834,3.264,5.264,5.286,6.74,9.866,19.626
8/1/1971,1.502,2.726,2.544,3.902,3.336,5.414,5.434,6.93,10.144,20.372
9/1/1971,1.474,2.708,2.514,3.884,3.312,5.428,5.42,6.938,10.17,20.598
10/1/1971,1.418,2.626,2.44,3.798,3.236,5.282,5.262,6.75,9.884,20.028
11/1/1971,1.382,2.568,2.39,3.748,3.192,5.214,5.186,6.676,9.768,19.796
12/1/1971,1.476,2.732,2.524,3.954,3.366,5.518,5.458,7.08,10.302,21.062
1/1/1972,1.604,2.89,2.676,4.116,3.526,5.724,5.668,7.36,10.77,22.11
2/1/1972,1.64,2.952,2.694,4.17,3.58,5.81,5.862,7.53,11.018,22.79
3/1/1972,1.622,2.944,2.684,4.188,3.588,5.82,5.878,7.532,11.062,22.946
4/1/1972,1.598,2.952,2.668,4.198,3.6,5.826,5.908,7.564,11.158,23.256
5/1/1972,1.56,2.908,2.626,4.148,3.568,5.77,5.872,7.504,11.17,23.352
6/1/1972,1.52,2.852,2.584,4.086,3.526,5.684,5.768,7.368,11.002,23.036
7/1/1972,1.482,2.804,2.546,4.034,3.482,5.616,5.722,7.262,10.89,22.682
8/1/1972,1.488,2.858,2.576,4.096,3.514,5.67,5.738,7.3,10.96,22.516
9/1/1972,1.446,2.8,2.542,4.056,3.472,5.564,5.672,7.188,10.812,22.236
10/1/1972,1.42,2.762,2.534,4.044,3.47,5.534,5.684,7.124,10.75,22.116
11/1/1972,1.458,2.846,2.618,4.168,3.56,5.676,5.842,7.262,11.008,22.466
12/1/1972,1.412,2.786,2.576,4.126,3.524,5.618,5.828,7.238,11.002,22.642
1/1/1973,1.38,2.738,2.524,4.056,3.462,5.496,5.722,7.06,10.808,22.17
2/1/1973,1.32,2.624,2.422,3.924,3.362,5.348,5.54,6.848,10.438,21.212
3/1/1973,1.288,2.576,2.39,3.876,3.312,5.27,5.462,6.786,10.37,21.33
4/1/1973,1.212,2.456,2.298,3.734,3.194,5.122,5.36,6.668,10.15,20.778
5/1/1973,1.138,2.322,2.172,3.544,3.08,4.928,5.206,6.536,9.98,20.384
6/1/1973,1.102,2.262,2.132,3.492,3.026,4.884,5.138,6.524,9.894,20.236
7/1/1973,1.21,2.444,2.286,3.706,3.228,5.114,5.368,6.756,10.082,21.006
8/1/1973,1.154,2.348,2.228,3.614,3.162,5.032,5.282,6.674,10.008,20.88
9/1/1973,1.206,2.462,2.334,3.8,3.314,5.29,5.504,6.92,10.394,21.782
10/1/1973,1.184,2.446,2.316,3.812,3.328,5.3,5.528,6.928,10.544,22.318
11/1/1973,1.042,2.182,2.08,3.466,3.04,4.902,5.12,6.448,9.72,20.75
12/1/1973,0.984,2.082,2.024,3.384,3,4.85,5.098,6.474,9.936,21.448
1/1/1974,1.108,2.29,2.182,3.596,3.192,5.112,5.292,6.73,10.262,21.916
2/1/1974,1.104,2.304,2.2,3.618,3.222,5.126,5.304,6.792,10.292,21.89
3/1/1974,1.12,2.34,2.224,3.634,3.24,5.134,5.292,6.788,10.246,21.552
4/1/1974,1.08,2.268,2.164,3.548,3.15,5,5.166,6.656,10.028,20.984
5/1/1974,1.034,2.182,2.082,3.424,3.046,4.842,5.018,6.43,9.684,20.16
6/1/1974,1.014,2.132,2.044,3.368,2.996,4.776,4.932,6.36,9.59,20.016
7/1/1974,0.976,2.072,1.992,3.28,2.926,4.67,4.79,6.208,9.364,19.598
8/1/1974,0.926,1.982,1.902,3.146,2.804,4.46,4.612,5.992,9.032,19.052
9/1/1974,0.878,1.894,1.816,3.032,2.692,4.304,4.442,5.806,8.746,18.3
10/1/1974,0.916,1.98,1.902,3.184,2.81,4.454,4.636,6.056,9.098,19.476
11/1/1974,0.878,1.916,1.854,3.096,2.744,4.338,4.536,5.938,8.968,19.228
12/1/1974,0.832,1.818,1.774,2.986,2.63,4.186,4.394,5.752,8.688,18.692
1/1/1975,1.02,2.148,2.096,3.434,3.022,4.746,4.938,6.39,9.696,20.404
2/1/1975,1.052,2.226,2.156,3.522,3.11,4.86,5.088,6.556,9.914,21.008
3/1/1975,1.128,2.342,2.256,3.62,3.19,5.018,5.228,6.742,10.266,21.784
4/1/1975,1.144,2.37,2.296,3.658,3.238,5.092,5.32,6.868,10.532,22.53
5/1/1975,1.196,2.462,2.386,3.786,3.346,5.244,5.48,7.112,10.968,23.444
6/1/1975,1.25,2.542,2.476,3.916,3.462,5.464,5.664,7.352,11.314,24.232
7/1/1975,1.254,2.55,2.472,3.9,3.44,5.382,5.578,7.308,11.158,24.004
8/1/1975,1.222,2.49,2.424,3.814,3.362,5.244,5.434,7.13,10.846,23.442
9/1/1975,1.198,2.446,2.384,3.742,3.298,5.166,5.346,6.98,10.606,23.03
10/1/1975,1.192,2.46,2.404,3.784,3.34,5.242,5.424,7.062,10.764,23.36
11/1/1975,1.198,2.482,2.422,3.83,3.376,5.296,5.502,7.146,10.892,23.684
12/1/1975,1.198,2.49,2.422,3.82,3.362,5.286,5.492,7.098,10.846,23.476
1/1/1976,1.296,2.7,2.64,4.19,3.696,5.808,6.088,7.772,12.014,26.222
2/1/1976,1.4,2.856,2.772,4.364,3.862,6.036,6.366,8.154,12.56,27.586
3/1/1976,1.416,2.888,2.788,4.386,3.892,6.126,6.444,8.268,12.724,27.888
4/1/1976,1.416,2.882,2.778,4.39,3.876,6.128,6.41,8.252,12.68,27.628
5/1/1976,1.412,2.87,2.76,4.36,3.856,6.098,6.336,8.152,12.496,26.998
6/1/1976,1.426,2.912,2.814,4.422,3.92,6.178,6.43,8.268,12.738,27.388
7/1/1976,1.428,2.912,2.822,4.434,3.934,6.188,6.45,8.296,12.722,27.386
8/1/1976,1.406,2.888,2.806,4.434,3.92,6.16,6.41,8.256,12.62,27.036
9/1/1976,1.412,2.91,2.832,4.462,3.976,6.226,6.492,8.35,12.75,27.37
10/1/1976,1.392,2.898,2.804,4.41,3.93,6.172,6.438,8.25,12.646,27.054
11/1/1976,1.4,2.916,2.838,4.476,3.984,6.262,6.548,8.382,12.874,27.536
12/1/1976,1.486,3.064,2.984,4.674,4.146,6.55,6.862,8.776,13.518,28.858
1/1/1977,1.51,3.118,3.02,4.71,4.214,6.692,6.972,8.93,13.768,29.532
2/1/1977,1.508,3.122,3.022,4.708,4.212,6.67,7.01,8.916,13.826,29.692
3/1/1977,1.518,3.13,3.034,4.72,4.236,6.682,7.036,8.966,13.934,29.898
4/1/1977,1.524,3.13,3.048,4.742,4.27,6.754,7.122,9.084,14.11,30.344
5/1/1977,1.522,3.136,3.046,4.744,4.302,6.756,7.172,9.102,14.084,30.496
6/1/1977,1.554,3.216,3.124,4.87,4.422,6.924,7.34,9.346,14.526,31.566
7/1/1977,1.57,3.22,3.14,4.886,4.44,6.966,7.37,9.398,14.618,31.716
8/1/1977,1.562,3.226,3.134,4.882,4.418,6.932,7.334,9.404,14.59,31.756
9/1/1977,1.562,3.228,3.156,4.91,4.446,6.97,7.4,9.466,14.74,32.036
10/1/1977,1.542,3.19,3.12,4.85,4.388,6.926,7.332,9.36,14.604,31.558
11/1/1977,1.594,3.282,3.212,5.004,4.526,7.142,7.562,9.768,15.216,32.918
12/1/1977,1.606,3.296,3.224,5.02,4.578,7.2,7.63,9.856,15.446,33.43
1/1/1978,1.616,3.28,3.212,4.962,4.528,7.164,7.552,9.76,15.302,33.21
2/1/1978,1.628,3.322,3.234,5.026,4.582,7.244,7.64,9.924,15.602,33.68
3/1/1978,1.688,3.406,3.344,5.182,4.702,7.45,7.878,10.278,16.166,35.058
4/1/1978,1.766,3.546,3.466,5.394,4.852,7.682,8.146,10.712,16.904,36.63
5/1/1978,1.84,3.678,3.556,5.544,4.956,7.854,8.388,11.102,17.484,38.404
6/1/1978,1.836,3.692,3.578,5.564,4.968,7.882,8.408,11.184,17.568,38.788
7/1/1978,1.872,3.764,3.654,5.654,5.056,8.086,8.652,11.496,18.098,40.172
8/1/1978,1.96,3.89,3.784,5.83,5.252,8.402,8.998,11.98,19.05,42.75
9/1/1978,1.98,3.91,3.812,5.832,5.302,8.424,8.99,11.94,19.08,42.584
10/1/1978,1.826,3.652,3.598,5.44,4.928,7.73,8.164,10.788,16.986,37.082
11/1/1978,1.826,3.686,3.638,5.502,4.996,7.868,8.356,11.06,17.512,38.724
12/1/1978,1.828,3.696,3.634,5.486,5.026,7.924,8.426,11.142,17.666,39.23
1/1/1979,1.942,3.858,3.798,5.716,5.232,8.2,8.79,11.626,18.486,41.266
2/1/1979,1.928,3.814,3.772,5.668,5.182,8.13,8.72,11.534,18.296,40.552
3/1/1979,2.016,3.942,3.896,5.834,5.348,8.436,9.102,12.028,19.176,42.592
4/1/1979,2.054,3.966,3.93,5.884,5.424,8.504,9.242,12.154,19.456,43.374
5/1/1979,2.04,3.95,3.918,5.864,5.416,8.508,9.144,12.12,19.358,43.118
6/1/1979,2.096,4.046,4.006,6.02,5.558,8.696,9.42,12.462,19.992,44.434
7/1/1979,2.116,4.088,4.062,6.106,5.644,8.802,9.548,12.59,20.17,44.808
8/1/1979,2.206,4.264,4.19,6.324,5.836,9.104,9.832,13.06,21.02,46.692
9/1/1979,2.178,4.246,4.17,6.35,5.806,9.074,9.828,13.062,21.084,47.232
10/1/1979,2.056,4.034,3.978,6.084,5.536,8.67,9.392,12.5,20.092,45.056
11/1/1979,2.084,4.09,4.05,6.212,5.68,8.958,9.732,12.994,21.22,48.146
12/1/1979,2.14,4.19,4.124,6.328,5.802,9.222,10.074,13.466,22.118,50.984
1/1/1980,2.252,4.368,4.246,6.544,5.984,9.622,10.588,14.254,23.496,54.478
2/1/1980,2.236,4.318,4.2,6.446,5.912,9.474,10.472,14.214,23.514,55.418
3/1/1980,2.054,4.056,3.934,6.032,5.504,8.766,9.664,12.916,21.386,49.156
4/1/1980,2.098,4.188,4.04,6.174,5.606,8.954,9.946,13.268,22.078,50.882
5/1/1980,2.184,4.344,4.198,6.4,5.81,9.274,10.268,13.754,22.744,52.69
6/1/1980,2.228,4.432,4.282,6.528,5.924,9.456,10.452,14.026,23.414,54.104
7/1/1980,2.328,4.606,4.452,6.77,6.134,9.822,10.946,14.76,24.796,57.43
8/1/1980,2.416,4.714,4.55,6.918,6.276,10.036,11.268,15.34,25.84,60.286
9/1/1980,2.486,4.806,4.626,6.982,6.332,10.186,11.472,15.71,26.552,62.514
10/1/1980,2.522,4.84,4.636,7.024,6.392,10.328,11.666,16.084,27.472,65.274
11/1/1980,2.546,4.86,4.664,7.124,6.568,10.588,12.07,16.732,29.108,70.124
12/1/1980,2.51,4.824,4.648,7.06,6.486,10.46,11.95,16.346,28.522,68.158
1/1/1981,2.554,4.896,4.718,7.182,6.556,10.496,11.994,16.204,28.308,66.572
2/1/1981,2.562,4.946,4.738,7.262,6.592,10.574,12.038,16.314,28.33,66.176
3/1/1981,2.652,5.146,4.942,7.538,6.818,10.95,12.446,16.848,29.508,68.886
4/1/1981,2.69,5.198,5.018,7.64,6.932,11.078,12.692,16.982,30.076,70.17
5/1/1981,2.706,5.222,5.052,7.722,7.016,11.256,12.838,17.204,30.588,72.328
6/1/1981,2.692,5.254,5.096,7.75,7.03,11.258,12.84,17.182,30.312,71.136
7/1/1981,2.666,5.236,5.086,7.688,6.998,11.116,12.706,16.976,29.806,70.19
8/1/1981,2.544,5.068,4.972,7.524,6.788,10.774,12.294,16.508,28.702,66.732
9/1/1981,2.39,4.876,4.79,7.23,6.532,10.398,11.838,15.946,27.776,63.8
10/1/1981,2.458,5.038,4.914,7.408,6.748,10.774,12.224,16.528,28.898,67.038
11/1/1981,2.42,5.094,4.958,7.53,6.88,10.946,12.51,16.808,29.346,68.072
12/1/1981,2.352,5.012,4.94,7.474,6.834,10.958,12.442,16.728,29.092,67.426
1/1/1982,2.342,4.95,4.882,7.412,6.794,10.878,12.366,16.614,28.822,66.624
2/1/1982,2.254,4.84,4.78,7.246,6.684,10.728,12.274,16.43,28.506,65.598
3/1/1982,2.222,4.794,4.752,7.202,6.66,10.718,12.232,16.476,28.546,65.738
4/1/1982,2.284,4.912,4.9,7.376,6.834,11.048,12.508,16.87,29.382,67.382
5/1/1982,2.234,4.844,4.806,7.276,6.772,10.954,12.384,16.752,29.238,67.194
6/1/1982,2.144,4.728,4.746,7.168,6.716,10.864,12.306,16.64,29.142,66.976
7/1/1982,2.106,4.658,4.676,7.088,6.646,10.782,12.286,16.676,29.186,67.096
8/1/1982,2.174,4.842,4.866,7.354,6.85,11.086,12.626,17.192,30.082,68.992
9/1/1982,2.152,4.896,4.946,7.48,6.972,11.356,12.95,17.57,30.782,71.626
10/1/1982,2.28,5.236,5.248,7.91,7.428,12.098,13.804,18.66,32.622,77.84
11/1/1982,2.332,5.468,5.49,8.372,7.848,12.666,14.476,19.548,34.122,83.138
12/1/1982,2.364,5.526,5.556,8.424,7.898,12.802,14.63,19.762,34.454,84.46
1/1/1983,2.592,5.884,5.856,8.798,8.192,13.208,15.048,20.51,35.892,89.016
2/1/1983,2.6,6.048,6.036,9.046,8.47,13.516,15.56,21.172,37.312,92.478
3/1/1983,2.666,6.2,6.184,9.286,8.63,13.862,15.952,21.804,38.222,95.318
4/1/1983,2.774,6.452,6.412,9.596,8.906,14.352,16.51,22.668,39.756,100.498
5/1/1983,2.98,6.734,6.658,9.922,9.182,14.866,17.088,23.396,41.49,105.362
6/1/1983,3.064,6.892,6.768,10.142,9.356,15.224,17.39,24.072,42.704,107.996
7/1/1983,3.076,6.886,6.76,10.078,9.322,15.102,17.222,23.864,41.97,105.74
8/1/1983,3.024,6.88,6.728,10,9.24,14.922,17.036,23.404,41.024,102.626
9/1/1983,3,6.902,6.76,10.044,9.338,15.038,17.172,23.462,41.346,102.446
10/1/1983,2.906,6.844,6.686,9.898,9.084,14.666,16.854,22.822,40.248,97.79
11/1/1983,2.908,6.894,6.792,10.112,9.268,14.926,17.222,23.19,40.956,99.834
12/1/1983,2.846,6.804,6.77,10.034,9.252,14.88,17.11,22.99,40.964,98.406
1/1/1984,2.884,6.876,6.772,10.02,9.3,14.952,17.02,22.966,40.788,97.83
2/1/1984,2.794,6.71,6.602,9.76,9.088,14.634,16.678,22.428,39.772,94.47
3/1/1984,2.782,6.7,6.606,9.82,9.182,14.684,16.858,22.546,39.986,95.674
4/1/1984,2.72,6.642,6.542,9.742,9.144,14.67,16.806,22.41,39.962,95.114
5/1/1984,2.63,6.468,6.4,9.522,8.95,14.306,16.444,21.932,39.218,93.14
6/1/1984,2.624,6.524,6.492,9.586,9.064,14.518,16.628,22.16,39.698,94.11
7/1/1984,2.518,6.324,6.344,9.38,8.912,14.266,16.386,21.878,39.402,93.224
8/1/1984,2.63,6.662,6.676,9.844,9.36,14.998,17.152,22.716,40.806,96.776
9/1/1984,2.598,6.654,6.638,9.772,9.368,15.088,17.266,23.004,41.136,97.634
10/1/1984,2.518,6.528,6.588,9.7,9.332,14.992,17.302,23.096,41.346,97.79
11/1/1984,2.436,6.39,6.478,9.642,9.23,14.934,17.2,23.018,41.062,96.504
12/1/1984,2.426,6.33,6.498,9.68,9.3,15.122,17.364,23.244,41.602,97.31
1/1/1985,2.644,6.792,6.9,10.248,9.804,15.896,18.214,24.194,43.24,101.23
2/1/1985,2.742,6.946,6.992,10.43,9.982,16.13,18.45,24.612,43.908,103.884
3/1/1985,2.71,6.868,6.974,10.364,9.964,16.108,18.414,24.562,43.97,103.82
4/1/1985,2.66,6.812,6.924,10.298,9.908,16.072,18.448,24.67,44.116,104.154
5/1/1985,2.65,6.862,6.982,10.488,10.078,16.38,18.786,25.2,45.142,106.596
6/1/1985,2.612,6.842,6.964,10.524,10.164,16.552,18.988,25.488,45.778,108.03
7/1/1985,2.64,6.92,7.028,10.662,10.278,16.688,19.07,25.56,45.992,108.866
8/1/1985,2.62,6.916,7.016,10.636,10.268,16.668,19.064,25.6,46.236,108.78
9/1/1985,2.514,6.692,6.832,10.396,10.074,16.332,18.658,25.062,45.246,105.636
10/1/1985,2.484,6.756,6.888,10.466,10.25,16.594,19.034,25.552,46.31,108.44
11/1/1985,2.536,6.908,7.048,10.706,10.516,17.066,19.64,26.31,47.978,112.214
12/1/1985,2.55,7.032,7.162,10.884,10.692,17.456,20.026,26.894,48.624,114.29
1/1/1986,2.616,7.16,7.238,11.028,10.888,17.608,20.284,27.432,49.756,117.622
2/1/1986,2.678,7.312,7.482,11.34,11.216,18.27,21.04,28.44,51.916,122.12
3/1/1986,2.724,7.46,7.656,11.638,11.514,18.716,21.778,29.16,53.386,125.4
4/1/1986,2.738,7.51,7.728,11.788,11.582,18.704,21.872,29.4,53.652,126.766
5/1/1986,2.774,7.646,7.82,11.96,11.798,18.984,22.268,30.116,54.988,130.892
6/1/1986,2.764,7.64,7.794,11.962,11.876,19.12,22.472,30.422,55.874,132.47
7/1/1986,2.636,7.342,7.518,11.598,11.568,18.59,21.688,29.462,54.038,126.41
8/1/1986,2.654,7.434,7.62,11.76,11.8,18.832,21.85,29.982,54.4,127.022
9/1/1986,2.588,7.234,7.448,11.496,11.482,18.25,21.066,28.874,52.512,121.274
10/1/1986,2.59,7.282,7.526,11.632,11.648,18.578,21.456,29.424,53.414,124.028
11/1/1986,2.564,7.236,7.52,11.696,11.65,18.62,21.498,29.398,53.55,122.98
12/1/1986,2.502,7.102,7.416,11.552,11.472,18.402,21.148,29.026,52.428,120.556
1/1/1987,2.688,7.474,7.782,12.172,12.05,19.352,22.372,30.668,55.264,128.14
2/1/1987,2.816,7.76,8.054,12.574,12.46,20.014,23.052,31.454,57.082,133.284
3/1/1987,2.864,7.868,8.156,12.742,12.622,20.272,23.322,32.056,57.85,136.456
4/1/1987,2.832,7.768,8.07,12.548,12.452,20.006,23.016,31.864,57.37,136.688
5/1/1987,2.848,7.76,8.048,12.552,12.446,20.006,23.1,31.834,57.362,137.296
6/1/1987,2.872,7.828,8.136,12.796,12.706,20.342,23.488,32.338,58.066,138.794
7/1/1987,2.916,7.95,8.23,12.996,12.93,20.844,23.91,32.982,59.502,143.456
8/1/1987,2.918,8.058,8.312,13.21,13.078,21.204,24.096,33.42,60.016,144.224
9/1/1987,2.884,7.992,8.282,13.154,12.932,21.194,23.984,33.088,59.562,143.806
10/1/1987,2.472,7.03,7.25,11.444,11.27,18.274,20.664,28.404,50.708,120.466
11/1/1987,2.354,6.858,7.102,11.264,11.044,17.844,20.332,27.814,49.72,117.178
12/1/1987,2.316,6.932,7.24,11.478,11.274,18.278,20.768,28.874,51.116,121.572
1/1/1988,2.474,7.264,7.56,11.95,11.682,18.894,21.37,29.588,51.978,124.082
2/1/1988,2.55,7.556,7.86,12.312,12.1,19.448,21.962,30.45,53.724,127.786
3/1/1988,2.608,7.672,7.994,12.512,12.306,19.644,22.326,30.874,54.816,130.636
4/1/1988,2.624,7.7,8.03,12.598,12.416,19.75,22.468,31.086,55.196,132.484
5/1/1988,2.59,7.616,7.942,12.496,12.332,19.62,22.316,31.042,54.898,131.69
6/1/1988,2.638,7.83,8.182,12.842,12.576,20.168,22.9,31.948,56.3,135.218
7/1/1988,2.652,7.794,8.172,12.782,12.552,20.134,22.792,32.084,56.278,135.096
8/1/1988,2.61,7.704,8.084,12.646,12.434,20.002,22.542,31.796,55.64,133.664
9/1/1988,2.622,7.78,8.17,12.758,12.59,20.266,22.798,32.182,56.294,135.47
10/1/1988,2.556,7.744,8.136,12.698,12.548,20.21,22.806,32.29,56.51,135.3
11/1/1988,2.476,7.576,8.044,12.52,12.338,19.828,22.536,31.734,55.676,132.818
12/1/1988,2.484,7.63,8.136,12.706,12.446,20.048,22.842,32.232,56.626,135.434
1/1/1989,2.594,7.838,8.346,13.032,12.75,20.544,23.414,33.244,58.494,139.612
2/1/1989,2.592,7.868,8.398,13.096,12.756,20.54,23.512,33.318,58.476,140.582
3/1/1989,2.588,7.92,8.48,13.15,12.874,20.838,23.688,33.812,59.248,142.818
4/1/1989,2.616,8.034,8.588,13.366,13.09,21.194,24.218,34.464,60.504,146.096
5/1/1989,2.634,8.158,8.72,13.614,13.334,21.494,24.644,35.12,61.492,148.864
6/1/1989,2.602,8.1,8.67,13.626,13.294,21.516,24.662,35.016,61.1,147.294
7/1/1989,2.6,8.16,8.756,13.86,13.548,21.92,25.14,35.806,62.802,151.712
8/1/1989,2.598,8.212,8.844,14.006,13.788,22.25,25.41,36.374,63.654,154.344
9/1/1989,2.59,8.204,8.83,14.014,13.786,22.376,25.388,36.556,64.058,155.478
10/1/1989,2.502,7.962,8.658,13.758,13.428,21.854,24.932,35.71,62.706,151.18
11/1/1989,2.442,7.852,8.606,13.786,13.412,21.9,25.156,35.784,62.95,151.664
12/1/1989,2.368,7.804,8.516,13.716,13.394,21.896,25.278,35.788,63.356,151.3
1/1/1990,2.344,7.598,8.332,13.398,13.052,21.266,24.45,34.674,60.942,145.368
2/1/1990,2.38,7.658,8.348,13.452,13.126,21.504,24.664,34.986,61.558,147.84
3/1/1990,2.406,7.72,8.448,13.586,13.176,21.778,24.986,35.588,62.282,151.026
4/1/1990,2.37,7.606,8.372,13.36,12.982,21.488,24.536,34.922,61.552,149.954
5/1/1990,2.406,7.728,8.504,13.56,13.188,21.984,25.288,36.038,63.888,156.318
6/1/1990,2.39,7.772,8.492,13.536,13.232,22.024,25.444,36.068,64.118,157.78
7/1/1990,2.338,7.596,8.31,13.284,13.09,21.788,25.122,35.746,63.608,155.35
8/1/1990,2.184,7.12,7.882,12.574,12.456,20.72,23.758,33.884,59.884,145.656
9/1/1990,2.06,6.768,7.528,12.042,11.994,20.156,23.232,32.876,57.668,139.59
10/1/1990,1.95,6.472,7.304,11.642,11.694,19.766,22.852,32.47,56.68,136.22
11/1/1990,1.986,6.594,7.428,11.96,11.932,20.17,23.406,32.984,57.98,138.406
12/1/1990,1.904,6.546,7.434,11.98,12.114,20.422,23.474,33.466,58.532,139.284
1/1/1991,2.094,6.944,7.756,12.466,12.504,20.912,24.098,34.13,60.294,145.05
2/1/1991,2.378,7.45,8.172,13.028,13.118,21.982,25.072,35.54,63.664,153.42
3/1/1991,2.538,7.764,8.388,13.366,13.462,22.578,25.7,36.774,66.526,161.574
4/1/1991,2.604,7.922,8.542,13.514,13.722,22.854,25.942,37.032,67.098,162.706
5/1/1991,2.606,8.038,8.682,13.734,13.968,23.236,26.28,37.728,68.348,167.562
6/1/1991,2.546,7.94,8.548,13.492,13.776,22.904,25.844,37.196,67.026,163.44
7/1/1991,2.592,8.008,8.628,13.71,13.97,23.166,26.3,37.772,68.756,168.678
8/1/1991,2.626,8.132,8.696,13.87,14.142,23.432,26.694,38.48,70.354,172.668
9/1/1991,2.622,8.156,8.698,13.976,14.23,23.41,26.592,38.654,70.814,175.24
10/1/1991,2.652,8.168,8.756,14.1,14.318,23.554,26.872,39.14,71.724,180.374
11/1/1991,2.614,8.056,8.704,14.008,14.294,23.312,26.56,38.562,70.846,176.542
12/1/1991,2.57,8.11,8.83,14.248,14.514,23.834,27.342,39.798,73.134,184.742
1/1/1992,3.036,8.784,9.358,15.072,15.192,24.81,28.656,41.922,77.822,200.178
2/1/1992,3.19,9.082,9.63,15.49,15.53,25.396,29.202,42.868,80.242,203.9
3/1/1992,3.18,9.128,9.628,15.422,15.532,25.366,28.964,42.526,79.83,201.086
4/1/1992,3.096,8.986,9.49,15.378,15.422,25.198,28.664,42.006,78.864,195.306
5/1/1992,3.11,9.06,9.488,15.412,15.546,25.26,28.664,42.376,79.21,194.72
6/1/1992,3.018,8.828,9.27,15.196,15.332,24.86,28.264,41.698,77.96,190.242
7/1/1992,3.018,8.894,9.416,15.34,15.52,25.218,28.844,42.358,79.242,193.874
8/1/1992,2.96,8.778,9.256,15.202,15.478,25.024,28.628,41.986,78.266,190.288
9/1/1992,2.954,8.836,9.242,15.25,15.61,25.244,28.988,42.32,79.366,192.448
10/1/1992,2.968,8.872,9.286,15.36,15.798,25.558,29.288,42.848,80.132,196.124
11/1/1992,3.09,9.206,9.594,15.826,16.246,26.332,30.192,44.066,83.322,204.42
12/1/1992,3.126,9.36,9.686,16.004,16.5,26.714,30.944,44.89,85.78,211.238
1/1/1993,3.298,9.55,9.962,16.332,16.838,27.366,32.108,46.398,88.422,221.566
2/1/1993,3.24,9.478,9.882,16.202,16.836,27.376,32.384,46.392,88.25,221.046
3/1/1993,3.248,9.6,10.012,16.284,17.068,27.866,32.87,47.344,89.996,226.97
4/1/1993,3.214,9.502,9.888,16.15,16.904,27.544,32.764,46.948,89.232,225.404
5/1/1993,3.302,9.71,10.148,16.46,17.232,27.894,33.242,47.874,90.306,230.51
6/1/1993,3.304,9.706,10.178,16.676,17.264,28.134,33.478,48.488,91.486,233.426
7/1/1993,3.32,9.698,10.192,16.794,17.33,28.448,33.782,49.23,92.29,235.934
8/1/1993,3.372,9.816,10.396,17.06,17.51,29.018,34.428,50.272,94.62,243.85
9/1/1993,3.396,9.894,10.442,17.264,17.824,29.316,35.06,51.044,96.386,250.092
10/1/1993,3.514,10.154,10.66,17.582,17.966,29.792,35.658,51.81,98.178,255.594
11/1/1993,3.474,10.088,10.572,17.43,17.786,29.454,35.158,51.276,96.652,251.07
12/1/1993,3.442,10.106,10.588,17.67,17.978,29.72,35.64,51.742,97.84,253.996
1/1/1994,3.578,10.338,10.82,18.016,18.232,30.268,36.274,52.754,100.486,260.384
2/1/1994,3.576,10.326,10.786,17.936,18.216,30.164,36.244,52.568,100.2,258.418
3/1/1994,3.512,10.146,10.576,17.62,17.86,29.59,35.484,51.502,98.092,250.214
4/1/1994,3.42,10.07,10.584,17.486,17.796,29.622,35.588,51.586,97.798,249.976
5/1/1994,3.428,10.086,10.574,17.514,17.79,29.714,35.718,51.462,98.018,247.126
6/1/1994,3.344,9.97,10.416,17.336,17.682,29.62,35.298,51.04,97.36,242.406
7/1/1994,3.344,10.024,10.478,17.468,17.804,29.86,35.612,51.588,98.544,245.194
8/1/1994,3.414,10.222,10.634,17.788,18.136,30.358,36.35,52.698,100.568,250.452
9/1/1994,3.438,10.238,10.624,17.74,18.174,30.328,36.438,52.87,101.032,253.834
10/1/1994,3.41,10.23,10.606,17.728,18.198,30.284,36.48,52.928,101.546,256.842
11/1/1994,3.296,10.008,10.43,17.434,17.868,29.668,35.832,52.034,99.672,252.424
12/1/1994,3.198,9.864,10.384,17.392,17.898,29.766,35.848,52.278,100.286,254.444
1/1/1995,3.324,10.046,10.556,17.66,18.034,30.004,36.196,52.858,100.978,256.16
2/1/1995,3.358,10.22,10.74,17.96,18.334,30.526,36.744,53.852,102.8,261.412
3/1/1995,3.376,10.262,10.876,18.194,18.456,30.752,37.04,54.386,103.956,265.282
4/1/1995,3.41,10.4,10.974,18.356,18.67,31.118,37.528,55.078,105.2,269.976
5/1/1995,3.424,10.48,11.196,18.548,18.892,31.45,37.96,55.674,106.278,273.338
6/1/1995,3.536,10.662,11.42,18.928,19.22,32.124,38.564,57.026,109.248,285.584
7/1/1995,3.658,10.846,11.646,19.28,19.734,32.818,39.436,58.516,112.526,298.82
8/1/1995,3.724,11.006,11.748,19.732,20.164,33.432,40.24,59.642,115.08,303.856
9/1/1995,3.766,11.122,11.89,19.976,20.456,34.006,40.784,60.554,116.892,309.962
10/1/1995,3.582,10.824,11.692,19.696,20.272,33.66,40.296,59.528,115.648,302.802
11/1/1995,3.52,10.886,11.836,19.936,20.518,34.276,40.886,60.406,117.342,307.678
12/1/1995,3.468,10.87,11.9,20.032,20.764,34.596,41.384,61.124,118.774,311.538
1/1/1996,3.594,11.038,12.058,20.254,20.956,35.018,41.72,61.638,119.308,313.72
2/1/1996,3.7,11.218,12.242,20.6,21.19,35.442,42.4,62.43,121.61,320.198
3/1/1996,3.78,11.442,12.424,20.868,21.402,35.66,42.806,63.328,122.984,324.616
4/1/1996,3.934,11.756,12.75,21.344,21.688,36.308,43.432,64.668,126.446,340.75
5/1/1996,4.124,12.236,13.114,21.914,22.086,37.266,44.306,66.42,131.018,355.25
6/1/1996,4.016,12.096,12.942,21.828,21.894,36.922,44.082,65.784,128.94,345
7/1/1996,3.792,11.642,12.546,21.2,21.296,35.786,42.808,63.708,124.634,323.404
8/1/1996,3.868,11.882,12.766,21.66,21.682,36.414,43.736,65.218,127.252,334.35
9/1/1996,3.886,11.98,12.95,22.018,22.002,36.906,44.468,66.362,129.198,344.766
10/1/1996,3.758,11.77,12.882,22.062,22.072,37.03,44.624,66.16,128.96,341.042
11/1/1996,3.788,11.954,13.034,22.438,22.552,37.628,45.588,67.48,130.59,343.174
12/1/1996,3.652,11.938,13.106,22.606,22.73,38.014,45.782,68.26,131.212,345.336
1/1/1997,3.88,12.352,13.418,23.23,23.278,38.734,46.7,69.736,134,355.316
2/1/1997,3.822,12.26,13.408,23.32,23.428,38.88,46.992,69.764,133.444,345.366
3/1/1997,3.656,11.99,13.14,22.892,23.092,38.37,46.19,68.45,130.528,337.372
4/1/1997,3.554,11.828,12.99,22.72,23.146,38.338,46.164,68.296,130.39,336.426
5/1/1997,3.748,12.42,13.52,23.648,23.94,39.792,47.894,71.168,135.124,352.676
6/1/1997,3.776,12.68,13.852,24.22,24.564,40.764,49.278,73.462,139.34,363.892
7/1/1997,3.834,12.944,14.248,24.874,25.106,42.096,50.732,75.67,144.384,380.466
8/1/1997,3.936,13.14,14.422,25.13,25.344,42.546,51.956,76.29,146.224,387.924
9/1/1997,4.104,13.76,14.982,26.196,26.314,44.266,54.014,79.4,153.192,407.184
10/1/1997,4.042,13.646,14.858,25.982,26.068,43.988,53.876,79.014,152.618,397.82
11/1/1997,3.9,13.526,14.834,25.926,26.14,44.166,54.076,79.426,152.42,394.876
12/1/1997,3.64,13.18,14.642,25.846,26.15,44.388,54.784,80.414,154.034,394.026
1/1/1998,3.768,13.264,14.614,25.918,26.052,44.148,54.734,80.202,153.018,393.198
2/1/1998,3.88,13.662,15.088,26.848,26.86,45.616,56.44,82.716,158.344,405.564
3/1/1998,3.96,14,15.406,27.496,27.504,47.046,57.826,84.824,161.922,418.888
4/1/1998,4.046,14.226,15.544,27.79,27.856,47.34,58.42,85.436,163.33,424.292
5/1/1998,3.918,13.95,15.248,27.26,27.344,46.55,57.41,83.958,159.916,413.408
6/1/1998,3.764,13.598,14.876,26.858,27.13,46.06,57.346,83.974,159.566,416.736
7/1/1998,3.638,13.072,14.332,26.292,26.29,44.812,55.828,81.984,156.238,406.86
8/1/1998,3.186,11.64,12.896,23.9,24.058,41.002,51.52,75.094,142.404,361.738
9/1/1998,3.222,11.802,13.258,24.222,24.468,41.8,52.314,76.674,146.098,377.24
10/1/1998,3.344,11.986,13.48,24.646,24.812,42.352,52.97,77.522,147.632,381.634
11/1/1998,3.526,12.524,13.976,25.66,25.65,43.444,54.744,79.948,151.258,401.308
12/1/1998,3.494,12.596,14.046,25.718,26.052,44.244,55.928,81.418,156.634,420.31
1/1/1999,3.814,13.218,14.486,26.11,26.316,44.534,55.992,81.87,158.82,438.592
2/1/1999,3.73,12.852,14.132,25.512,25.652,43.672,54.676,79.464,154.03,428.308
3/1/1999,3.746,12.642,13.902,25.22,25.392,42.918,53.768,79.296,151.712,435.888
4/1/1999,3.962,13.376,14.62,26.27,26.3,44.396,55.368,81.75,156.832,455.744
5/1/1999,4.102,13.804,14.952,26.834,26.684,44.978,55.93,82.732,158.512,456.996
6/1/1999,4.124,14.106,15.206,27.202,27.198,45.702,57.208,84.586,163.608,472.58
7/1/1999,4.176,14.094,15.306,27.366,27.168,45.71,57.66,84.556,163.926,475.7
8/1/1999,4.046,13.836,15.082,26.942,26.788,45.064,56.608,83.304,162.296,472.798
9/1/1999,3.964,13.54,14.836,26.604,26.422,44.466,55.84,83.138,161.184,479.322
10/1/1999,3.854,13.32,14.746,26.46,26.546,44.716,55.898,83.312,161.248,490.108
11/1/1999,4.112,13.846,15.136,27.09,26.956,45.7,57.22,86.948,167.924,534.756
12/1/1999,4.324,14.24,15.444,27.346,27.536,46.222,58.064,90.852,175.716,590.45
1/1/2000,4.7,14.67,15.616,27.432,27.902,47.076,58.222,91.366,182.436,612.444
2/1/2000,5.072,15.194,15.88,28.03,28.506,48.086,60.3,97.46,199.376,708.476
3/1/2000,5.056,15.376,16.086,28.246,28.856,48.814,61.198,99.384,202.706,695.972
4/1/2000,4.768,14.954,15.838,28.056,28.756,48.14,60.146,97.492,194.324,635.77
5/1/2000,4.558,14.634,15.582,27.818,28.54,47.694,59.626,96.15,190.728,597.338
6/1/2000,4.626,14.842,15.668,28.018,28.738,48.014,60.088,98.54,198.51,663.702
7/1/2000,4.57,14.722,15.63,28.08,28.668,48.25,60.608,99.18,196.822,640.938
8/1/2000,4.678,15.038,15.91,28.614,29.23,49.154,61.962,101.938,204.744,685.962
9/1/2000,4.394,14.61,15.608,28.514,29.194,49.232,61.588,101.494,201.878,669.946
10/1/2000,4.15,14.084,15.324,28.158,28.728,48.756,60.384,99.378,197.548,638.726
11/1/2000,3.68,13.276,14.742,27.222,28.186,47.244,58.14,95.552,187.948,578.016
12/1/2000,3.41,12.986,14.678,27.584,28.664,47.714,58.96,96.942,192.552,592.032
1/1/2001,4.514,14.97,16.108,29.482,30.332,49.744,61.316,99.832,197.596,605.5
2/1/2001,4.142,14.47,15.806,29.208,29.996,49.494,60.646,98.454,195.572,588.668
3/1/2001,3.826,14.02,15.63,29.002,29.592,49.272,60.162,97.406,194.114,584.812
4/1/2001,4.048,14.636,16.06,29.764,30.276,50.488,61.352,99.33,198.978,610.28
5/1/2001,4.194,15.18,16.618,30.59,31.322,51.874,63.488,102.368,204.42,633.868
6/1/2001,4.154,15.338,16.874,30.998,31.654,52.718,64.298,103.838,207.352,643.122
7/1/2001,3.964,15.152,16.744,30.86,31.722,53.006,64.712,104.674,208.544,645.47
8/1/2001,3.79,14.856,16.56,30.71,31.5,52.988,64.544,104.008,207.044,635.982
9/1/2001,3.402,13.714,15.442,29.046,30.092,50.746,61.632,99.666,199,608.826
10/1/2001,3.69,14.122,15.81,29.96,30.748,51.748,62.342,101.75,201.566,632.174
11/1/2001,3.978,14.584,16.386,30.79,31.764,53.136,64.178,104.426,205.84,650.854
12/1/2001,4.166,15.046,16.958,31.55,32.706,54.508,65.528,107.422,211.304,669.664
1/1/2002,4.192,14.986,17.04,31.694,33.184,54.82,66.098,109.168,215.15,680.546
2/1/2002,3.932,14.676,16.886,31.642,32.888,54.932,66.44,108.54,215.376,673.434
3/1/2002,4.13,15.4,17.526,32.74,34.118,56.816,68.708,111.922,223.808,702.998
4/1/2002,4.01,15.294,17.45,32.66,34.332,57.476,69.626,113.83,227.188,705.564
5/1/2002,3.846,14.96,17.308,32.482,34.23,56.958,69.82,113.032,227.484,706.658
6/1/2002,3.54,14.274,16.742,31.42,33.442,56.032,68.762,111.502,225.504,694.928
7/1/2002,3.252,13.412,15.62,29.792,31.616,53.286,66.026,106.512,215.424,651.564
8/1/2002,3.268,13.304,15.472,29.906,31.64,53.402,66.504,107.05,216.136,653.128
9/1/2002,2.998,12.514,14.756,28.602,30.544,51.828,64.882,104.362,211.154,636.996
10/1/2002,3.156,12.712,14.972,29.066,30.632,52.892,66.092,105.798,215.08,653.652
11/1/2002,3.672,13.77,15.984,30.244,31.604,54.01,67.896,107.95,218.618,670.812
12/1/2002,3.406,13.186,15.648,29.408,31.072,53.786,67.458,107.788,218.64,669.168
1/1/2003,3.444,13.158,15.488,29.216,30.74,53.672,67.408,107.724,218.63,672.514
2/1/2003,3.36,12.902,15.234,28.8,30.286,53.246,66.854,107.39,217.832,669.118
3/1/2003,3.402,12.896,15.19,28.772,30.222,53.488,67.302,107.46,220.26,678.954
4/1/2003,3.722,13.744,16.006,30.388,31.432,55.256,69.83,110.952,226.616,703.6
5/1/2003,4.33,15.172,17.118,32.272,33.096,58.024,72.952,115.674,235.782,731.848
6/1/2003,4.578,15.572,17.538,32.856,33.79,59.296,73.768,118.08,240.214,747.254
7/1/2003,4.762,16.246,18.146,33.924,34.952,61.038,75.44,121.734,247.372,782.412
8/1/2003,4.894,16.65,18.64,34.624,35.626,62.162,77.318,125.228,253.978,805.494
9/1/2003,5.08,16.796,18.658,34.73,35.782,62.442,77.43,126.18,256.454,818.06
10/1/2003,5.284,17.31,19.274,35.94,36.99,64.674,80.798,131.592,267.482,866.938
11/1/2003,5.336,17.652,19.554,36.53,37.75,65.708,82.212,134.35,272.924,888.698
12/1/2003,5.512,18.136,19.974,37.388,38.54,66.542,83.314,135.72,277.632,897.318
1/1/2004,5.774,18.544,20.462,38.21,39.67,67.96,85.138,140.028,289.432,945.64
2/1/2004,5.794,18.708,20.618,38.638,39.958,68.418,85.432,141.26,290.88,946.206
3/1/2004,5.796,18.678,20.74,38.864,40.176,68.586,85.556,141.974,292.464,940.388
4/1/2004,5.744,18.57,20.584,38.696,39.964,67.548,84.366,139.07,287.42,908.978
5/1/2004,5.668,18.6,20.614,38.846,40.084,67.626,84.354,139.53,287.334,912.57
6/1/2004,5.706,18.722,20.922,39.308,40.652,68.724,85.374,142.014,293.036,925.574
7/1/2004,5.436,18.212,20.49,38.18,39.79,67.514,83.176,137.462,283.644,885.264
8/1/2004,5.366,18.238,20.458,38.066,39.662,67.598,82.574,136.616,281.702,871.72
9/1/2004,5.44,18.456,20.79,38.626,40.352,68.896,84.294,139.834,290.618,903.756
10/1/2004,5.502,18.614,20.98,39.128,40.716,69.676,84.89,142.008,293.262,906.918
11/1/2004,5.846,19.298,21.704,40.352,42.096,72.18,88.476,147.824,306.02,950.452
12/1/2004,6.162,19.894,22.256,41.108,43.032,73.63,89.896,150.064,312.232,979.724
1/1/2005,5.918,19.62,21.92,40.622,42.542,72.766,89.186,148.728,310.014,968.458
2/1/2005,5.884,19.594,21.938,40.89,42.882,73.01,90.246,149.976,314.23,991.216
3/1/2005,5.714,19.368,21.808,40.408,42.516,72.346,89.494,148.83,310.334,975.952
4/1/2005,5.446,18.858,21.308,39.724,41.612,71.098,87.774,145.474,303.29,938.866
5/1/2005,5.594,19.25,21.734,40.594,42.474,72.832,89.64,149.102,311.858,974.542
6/1/2005,5.69,19.558,22.014,41.212,43.12,73.746,91.398,151.802,316.816,997.054
7/1/2005,5.93,20.228,22.58,42.342,44.108,75.656,94.162,156.112,325.956,1039.678
8/1/2005,5.848,20.154,22.464,42.112,43.722,75.278,93.964,155.528,326.07,1040.718
9/1/2005,5.842,20.136,22.428,42.088,43.822,76.068,94.284,156.01,329.332,1054.508
10/1/2005,5.684,19.804,22.216,41.728,43.506,74.95,93.186,154.262,324.094,1029.252
11/1/2005,5.786,20.104,22.58,42.396,44.412,76.392,94.82,157.934,328.794,1056.734
12/1/2005,5.83,20.196,22.584,42.42,44.524,76.56,95.024,158.652,331.786,1060.854
1/1/2006,6.124,20.884,23.302,43.65,45.858,78.276,97.9,163.738,346.584,1129.44
2/1/2006,6.158,20.88,23.392,43.878,46.202,78.584,98.844,164.768,345.822,1120.178
3/1/2006,6.296,21.27,23.776,44.482,47.008,80.184,101.186,168.36,355.124,1151.43
4/1/2006,6.316,21.34,23.794,44.596,47.044,80.112,101.424,169.252,356.74,1158.224
5/1/2006,6.13,21.038,23.346,43.872,46.362,78.802,99.314,165.444,346.572,1107.668
6/1/2006,6.052,20.856,23.208,43.76,46.478,78.798,99.638,165.138,346.452,1097.92
7/1/2006,5.876,20.49,22.978,43.344,46.09,78.03,98.766,162.662,341.22,1066.958
8/1/2006,5.974,20.87,23.276,43.79,46.592,78.58,99.802,164.434,343.66,1071.654
9/1/2006,5.974,21.018,23.44,44.086,46.754,78.934,100.8,165.208,346.168,1075.78
10/1/2006,6.15,21.54,23.94,45.258,47.656,80.548,103.16,168.074,355.568,1107.03
11/1/2006,6.238,21.86,24.364,45.74,48.282,81.176,104.346,170.318,358.288,1121.2
12/1/2006,6.268,21.912,24.504,45.84,48.596,81.83,105.488,171.51,359.362,1138.468
1/1/2007,6.374,22.192,24.724,46.012,49.11,82.726,106.384,173.79,362.866,1159.472
2/1/2007,6.38,22.33,24.722,46,49.224,83.01,106.916,173.47,361.396,1156.052
3/1/2007,6.308,22.318,24.78,46.116,49.432,83.48,107.414,174.666,365.624,1169.404
4/1/2007,6.404,22.512,24.972,46.536,50.074,84.278,108.542,176.92,371.712,1188.172
5/1/2007,6.44,22.846,25.252,47.218,50.784,85.798,110.018,179.972,375.782,1201.54
6/1/2007,6.41,22.754,25.15,47.148,50.672,85.36,109.764,179.18,373.922,1198.176
7/1/2007,6.216,22.106,24.416,45.954,49.522,83.168,107.532,176.33,366.856,1169.3
8/1/2007,6.106,22.134,24.492,45.854,49.392,83.168,106.982,175.316,367.9,1166.61
9/1/2007,6.084,22.142,24.59,45.894,49.598,83.85,108.026,177.176,374.964,1197.526
10/1/2007,6.028,21.922,24.564,46.03,49.9,84.696,109.306,180.604,381.058,1225.846
11/1/2007,5.604,20.96,23.702,44.756,48.328,82.146,105.928,174.518,366.082,1175.342
12/1/2007,5.482,20.664,23.348,44.376,47.932,81.494,105.854,175.45,366.942,1186.214
1/1/2008,5.5,20.35,22.826,43.544,46.7,79.416,101.63,169.748,349.66,1118.896
2/1/2008,5.37,19.946,22.39,42.696,46.188,78.712,100.792,168.814,349.152,1114.364
3/1/2008,5.192,19.618,22.042,42.606,45.986,79.224,100.39,167.7,346.62,1102.664
4/1/2008,5.186,19.874,22.206,43.308,46.566,80.302,101.578,169.856,352.374,1137.066
5/1/2008,5.278,20.08,22.532,43.848,47.594,82.008,102.92,172.268,357.396,1176.58
6/1/2008,4.908,18.79,21.128,41.658,45.35,78.54,98.906,166.316,349.39,1165.638
7/1/2008,4.894,18.92,21.334,42.148,45.898,79.89,99.846,168.852,350.822,1139.878
8/1/2008,4.966,19.114,21.686,42.848,46.624,81.248,101.582,170.448,352.788,1133.266
9/1/2008,4.574,17.948,20.62,40.894,44.616,77.88,98.19,164.03,334.39,1040.904
10/1/2008,4.006,15.664,18.314,36.498,40.058,70.898,89.53,150.456,303.66,931.61
11/1/2008,3.604,14.296,16.818,33.992,37.676,66.364,84.968,143.694,289.022,879.72
12/1/2008,3.656,14.564,17.172,34.542,38.302,67.012,86.514,145.764,293.112,889.132
1/1/2009,3.788,14.586,16.712,33.418,37.12,64.702,83.612,141.28,281.55,842.142
2/1/2009,3.516,13.5,15.87,31.39,35.106,61.488,79.666,133.942,265.98,796.118
3/1/2009,4.052,14.778,16.78,33.074,36.99,64.294,82.202,140.016,273.706,825.058
4/1/2009,4.95,17.596,19.428,36.796,40.678,69.09,88.03,148.62,284.202,849.85
5/1/2009,5.566,19.118,20.694,38.632,41.77,71.406,90.332,152.312,289.744,862.3
6/1/2009,5.72,19.45,21.054,39.088,42.178,72.384,91.832,154.598,296.278,878.296
7/1/2009,5.996,20.606,22.138,41.288,44.016,75.916,94.344,160.086,308.204,907.06
8/1/2009,6.78,21.864,22.724,42.728,45.006,76.998,95.712,160.934,310.932,909.872
9/1/2009,7.284,22.716,23.584,44.034,46.368,78.956,98.172,164.966,316.762,934.302
10/1/2009,6.886,21.898,23.01,43.018,45.132,77.326,95.962,161.154,309.428,894.08
11/1/2009,6.804,22.1,23.23,43.484,45.508,78.648,97.1,162.444,317.226,914.644
12/1/2009,7.012,22.734,24.056,44.502,46.742,81.13,100.464,168.772,328.154,953.882
1/1/2010,7.16,22.732,23.938,43.972,46.47,80.61,99.118,167.412,323.43,945.44
2/1/2010,7.194,23.068,24.298,44.73,47.29,82.408,101.09,172.1,334.732,978.674
3/1/2010,7.454,23.822,25.29,46.486,49.224,85.494,104.968,178.864,350.432,1028.438
4/1/2010,7.872,24.6,26.082,47.7,50.552,87.842,108.358,185.588,365.114,1090.608
5/1/2010,7.45,23.734,25.24,46.12,48.798,84.718,104.214,178.944,350.584,1034.932
6/1/2010,7.07,23.048,24.48,45.02,47.312,82.13,100.238,171.814,335.088,978.424
7/1/2010,7.242,23.638,25.252,46.302,48.768,84.422,103.18,177.208,346.598,1017.318
8/1/2010,6.962,22.782,24.506,44.734,47.45,81.838,99.94,172.698,336.338,973.624
9/1/2010,7.316,24.014,25.854,46.95,49.974,85.902,104.886,182.784,355.342,1041.242
10/1/2010,7.456,24.512,26.366,47.822,50.836,87.426,107.41,187.6,363.462,1065.138
11/1/2010,7.39,24.824,26.842,48.304,51.344,88.904,108.978,190.434,370.258,1086.708
12/1/2010,7.804,26.034,27.83,50.216,53.16,92.784,113.184,197.336,384.142,1126.21
1/1/2011,8,26.248,27.998,50.812,53.348,93.662,113.664,198.492,387.504,1133.586
2/1/2011,8.094,26.768,28.516,52.15,54.404,95.456,116.756,203.96,396.398,1165.552
3/1/2011,7.982,26.878,28.646,52.82,54.858,96.5,117.644,207.274,403.948,1183.27
4/1/2011,7.956,27.072,28.968,53.258,55.498,97.886,118.974,209.938,408.392,1189.482
5/1/2011,7.814,26.744,28.804,52.836,55.22,97.25,118.07,208.006,405.554,1175.088
6/1/2011,7.592,26.42,28.518,52.322,54.858,96.316,117.608,205.76,403.222,1165.688
7/1/2011,7.536,26.07,28.144,51.598,54.184,94.592,115.786,202.724,399.552,1146.746
8/1/2011,7.066,24.736,27.186,49.824,52.468,91.244,111.252,194.18,380.234,1084.65
9/1/2011,6.612,23.662,26.138,47.64,49.966,87.06,106.152,184.238,355.576,1002.812
10/1/2011,6.944,24.93,27.85,50.322,52.834,92.796,112.58,194.822,379.542,1083.038
11/1/2011,6.704,24.534,27.59,49.994,52.524,93.326,112.338,195.172,379.732,1082.062
12/1/2011,6.614,24.524,27.75,50.262,52.528,93.992,112.956,195.574,381.706,1081.576
1/1/2012,7.164,25.946,29.172,52.374,54.746,96.926,116.09,201.03,389.054,1116.078
2/1/2012,7.362,26.632,29.71,53.17,55.718,98.786,117.75,203.864,394.656,1138.79
3/1/2012,7.444,27.064,30.114,54.17,56.554,100.526,119.864,207.156,401.424,1160.768
4/1/2012,7.298,26.49,29.99,53.876,55.958,100.134,119.432,207.56,404.154,1163.554
5/1/2012,6.872,25.29,28.834,52.044,54.514,97.454,116.13,202.828,393.748,1132.372
6/1/2012,6.93,25.952,29.464,53.094,55.754,99.136,118.608,206.358,401.976,1155.924
7/1/2012,6.852,25.636,29.024,52.812,55.408,99.19,118.768,205.842,402.5,1157.6
8/1/2012,6.936,26.156,29.526,53.578,56.308,100.36,119.932,208.158,406.302,1180.348
9/1/2012,7.14,26.698,30.19,54.414,56.982,102.178,121.954,211.592,411.93,1201.122
10/1/2012,6.992,26.39,29.944,53.85,56.58,101.416,121.38,210.376,410.448,1200.402
11/1/2012,6.98,26.422,30.066,54.232,56.718,101.578,121.228,211.374,410.838,1203.822
12/1/2012,7.09,26.86,30.512,54.994,57.74,102.868,122.762,213.584,414.432,1212.73
1/1/2013,7.438,27.7,31.43,57.018,59.232,106.386,126.888,221.358,429.04,1267.364
2/1/2013,7.426,27.7,31.618,57.638,59.628,107.19,128.168,222.364,433.524,1275.666
3/1/2013,7.524,28.098,32.244,58.928,60.824,109.638,131.098,228.58,444.708,1323.184
4/1/2013,7.454,28.08,32.306,58.804,60.788,109.902,131.216,229.38,444.308,1332.976
5/1/2013,7.698,28.88,33.292,59.83,62.034,111.66,133.898,233.806,454.662,1360.968
6/1/2013,7.612,28.932,33.426,59.84,62.4,111.526,134.696,234.918,455.366,1356.476
7/1/2013,8.016,29.812,34.406,61.844,64.646,115.43,139.774,242.87,471.35,1414.738
8/1/2013,7.964,29.53,33.936,61.188,64.004,114.056,138.076,240.308,466.188,1396.628
9/1/2013,8.244,30.182,34.498,62.69,65.662,117.38,142.272,247.24,481.316,1448.234
10/1/2013,8.276,30.648,34.9,63.792,67.034,118.954,144.934,251.938,487.67,1465.252
11/1/2013,8.466,31.176,35.72,65,68.578,121.078,147.926,258.198,501.25,1499.098
12/1/2013,8.586,31.602,36.272,65.582,69.416,122.396,150.234,260.896,510.274,1523.684
1/1/2014,8.794,31.67,36.208,64.948,69.05,120.762,148.108,259.448,506.242,1527.722
2/1/2014,9,32.194,36.72,66.102,70.574,123.866,151.114,267.024,519.582,1574.47
3/1/2014,8.944,32.556,36.868,66.468,70.976,124.678,151.19,268.08,519.192,1555.97
4/1/2014,8.724,32.076,36.558,65.986,70.032,122.944,149.15,264.942,509.534,1498.088
5/1/2014,8.67,31.904,36.878,66.204,70.41,123.308,150.074,264.996,510.528,1492.77
6/1/2014,8.898,32.578,37.444,67.528,72.248,125.38,152.782,270.838,522.348,1533.448
7/1/2014,8.66,31.836,36.784,66.378,70.926,122.808,149.292,265.516,509.002,1490.28
8/1/2014,8.82,32.344,37.458,67.462,72.678,125.468,152.352,271.026,519.868,1532.978
9/1/2014,8.408,31.574,36.654,66.326,71.056,123.478,149.426,265.674,509.42,1499.482
10/1/2014,8.342,32.146,37.558,68.252,72.716,126.702,152.55,270.336,517.468,1513.802
11/1/2014,8.232,31.8,37.48,68.354,73.082,127.152,152.802,271.538,521.53,1522.96
12/1/2014,8.246,32.166,37.826,69.08,73.8,128.646,154.306,275.002,526.51,1533.926
1/1/2015,7.996,31.556,36.862,67.518,72.726,126.736,152.332,271.852,523.562,1522.652
2/1/2015,8.408,32.654,38.146,69.294,74.864,130.442,157.442,278.608,535.474,1563.838
3/1/2015,8.22,32.518,38.18,69.702,75.17,131.01,158.568,280.934,539.248,1576.662
4/1/2015,8.54,32.654,38.164,69.598,74.874,130.308,157.442,278.238,533.208,1546.076
5/1/2015,8.43,32.35,38.184,69.658,75.09,131.018,159.442,280.158,541.554,1584.418
6/1/2015,8.276,32.198,38.312,69.668,75.206,131.216,159.506,281.068,544.126,1592.102
7/1/2015,7.706,30.926,37.526,69.162,74.83,131.072,159.736,282.67,545.866,1598.392
8/1/2015,7.646,30.02,36.942,67.61,73.334,128.45,156.79,276.408,531.866,1541.008
9/1/2015,7.122,28.7,35.57,65.956,72.318,126.478,155.512,273.962,526.094,1490.31
10/1/2015,7.308,29.512,36.708,68.062,74.48,129.558,159.128,280.004,541.852,1525.556
11/1/2015,7.45,29.604,37.012,68.568,75.092,131.002,161.776,284.764,548.57,1551.566
12/1/2015,7.082,28.688,35.894,66.782,73.792,129.102,159.432,281.162,541.412,1518.906
1/1/2016,6.608,27.056,34.23,63.644,70.856,124.12,153.468,272.938,523.708,1432.556
2/1/2016,6.618,27.282,34.44,64.928,71.372,124.938,153.722,271.368,520.276,1422.672
3/1/2016,7.152,28.772,35.982,67.634,73.892,129.298,158.626,279.238,533.544,1455.536
4/1/2016,7.518,29.614,36.644,68.814,74.742,131.27,159.99,281.36,537.946,1468.126
5/1/2016,7.382,29.694,36.726,69.258,75.19,132.184,161.606,283.456,542.546,1478.328
6/1/2016,7.402,29.442,36.32,68.464,74.536,132.236,161.362,283.838,545.312,1489.49
7/1/2016,7.728,30.65,37.144,70.488,76.806,135.88,164.736,289.316,555.346,1525.164
8/1/2016,7.902,31.03,37.512,70.892,77.982,137.578,165.954,291.646,558.984,1522.494
9/1/2016,8.086,31.556,37.574,71.58,78.46,138.094,167.016,292.928,568.458,1534.522
10/1/2016,7.63,30.766,36.82,70.646,77.542,136.18,164.896,286.63,556.406,1479.126
11/1/2016,7.878,32.156,38.908,73.92,81.4,142.248,173.38,298.468,583.532,1554.34
12/1/2016,7.842,32.488,39.41,75.166,82.784,144.816,176.622,303.124,590.038,1558.924
1/1/2017,8.018,32.74,39.768,75.462,83.298,145.336,176.762,303.912,591.396,1577.632
2/1/2017,8.092,33.18,40.218,76.376,84.13,146.804,177.868,307.438,594.322,1576.922
3/1/2017,8.104,33.498,40.282,76.906,84.354,147.068,178.082,309.114,594.234,1576.212
4/1/2017,7.978,33.646,40.368,78.192,84.78,147.958,178.972,310.83,597.68,1576.842
5/1/2017,7.696,33.406,40.392,77.772,84.436,147.662,177.648,308.684,592.808,1567.302
6/1/2017,7.976,33.866,40.818,78.966,85.892,149.56,180.542,312.79,604.19,1588.696
7/1/2017,7.882,33.594,40.948,79.266,86.056,149.306,180.416,313.556,608.178,1600.532
8/1/2017,7.736,32.984,40.548,78.776,85.334,149.142,179.758,311.346,605.868,1601.412
9/1/2017,8.196,34.078,41.784,81.398,87.774,154.16,185.276,319.986,627.012,1652.978
10/1/2017,8.06,33.578,41.816,82.082,87.95,154.538,186.98,323.746,633.062,1663.474
11/1/2017,8.25,34.4,42.59,83.298,89.278,157.088,189.814,329.136,640.09,1689.84
12/1/2017,8.37,34.678,42.63,83.492,89.148,157.142,190.564,328.346,643.13,1707.246
1/1/2018,8.492,35.068,43.056,84.992,90.356,159.554,193.194,334.256,657.15,1742.756
2/1/2018,8.216,34.17,42.276,83.44,89.194,156.762,189.736,329.46,646.374,1713.304
3/1/2018,8.258,34.194,42.384,84.038,89.97,158.596,190.542,329.146,649.832,1716.73
4/1/2018,8.284,34.426,42.668,84.604,90.452,158.946,190.818,328.554,652.464,1723.168
5/1/2018,8.498,35.196,43.602,86.022,91.624,162.204,194.5,336.406,672.494,1801.572
6/1/2018,8.54,35.384,44.132,86.21,92.292,161.88,194.404,337.314,674.78,1812.112
7/1/2018,8.4,35.57,44.468,86.276,93.128,164,195.764,338.884,680.516,1819.542
8/1/2018,8.434,35.948,45.08,87.126,94.636,167.444,198.3,343.984,698.822,1896.054
9/1/2018,8.374,35.5,44.924,86.55,93.514,165.292,197.13,342.23,693.196,1874.248
10/1/2018,7.794,33.73,43,83.106,89.714,158.714,188.83,327.394,657.116,1758.794
11/1/2018,7.674,33.656,43.222,83.534,90.386,158.77,189.746,329.506,655.472,1744.724
12/1/2018,6.838,31.282,40.33,78.224,85.572,150.656,180.43,313.524,621.814,1638.47
1/1/2019,7.768,34.298,43.19,83.2,89.774,157.134,188.07,327.068,648.366,1734.322
2/1/2019,8.006,35.254,44.136,85.692,91.92,160.726,193.082,333.856,662.922,1779.154
3/1/2019,8.016,34.642,43.74,84.484,90.886,158.724,191.77,332.336,662.226,1770.88
4/1/2019,8.058,35.214,44.488,86.57,92.154,161.59,194.08,335.476,668.218,1785.402
5/1/2019,7.514,33.05,42.662,82.8,88.726,156.03,188.034,324.826,649.81,1744.606
6/1/2019,7.614,33.812,44.374,85.206,91.258,160.688,194.382,334.1,672.39,1804.794
7/1/2019,7.382,33.732,44.138,84.976,91.382,160.888,195.284,334.3,672.658,1820.044
8/1/2019,7.124,32.532,42.266,82.154,89.07,156.594,192.62,330.288,664.216,1794.474
9/1/2019,7.258,33.144,43.09,83.954,90.9,158.926,195.556,332.7,662.556,1760.738
10/1/2019,7.096,33.194,43.08,84.322,91.214,160.85,196.916,335.278,667.028,1776.496
11/1/2019,7.16,33.966,43.954,85.52,93.18,163.994,200.796,338.43,682.604,1825.172
12/1/2019,7.576,34.898,44.822,86.962,94.862,166.38,204.912,342.982,690.658,1865.872
1/1/2020,7.618,34.582,44.522,85.014,93.416,164.01,201.632,339.208,687.516,1865.22
2/1/2020,7.48,32.864,42.93,81.286,89.3,156.932,192.902,324.606,660.152,1805.44
3/1/2020,6.502,28.852,37.478,72.372,78.942,140.234,174.19,289.954,597.702,1619.57
4/1/2020,7.67,32.052,41.012,78.394,83.95,149.02,185.496,310.628,645.04,1777.154
5/1/2020,8.156,33.862,42.65,81.15,86.006,152.836,189.938,316.98,668.326,1870.898
6/1/2020,8.682,35.94,43.988,83.142,88.144,154.088,192.312,321.386,680.19,1946.296
7/1/2020,8.956,36.456,44.31,83.44,89.232,157.64,196.514,336.924,698.486,2005.366
8/1/2020,9.178,37.344,45.786,85.632,91.646,161.038,200.464,345.298,706.658,2039.256
9/1/2020,8.842,36.678,44.912,84.878,90.07,158.896,198.78,339.876,701.5,2032.018
10/1/2020,8.79,37.254,45.898,86.194,90.692,159.554,200.41,343.342,706.446,2022.974
11/1/2020,10.504,41.71,50.342,94.036,98.654,174.042,214.59,372.682,760.488,2223.25
12/1/2020,11.338,44.302,52.78,98.556,102.028,179.028,222.282,383.658,792.924,2313.736
1/1/2021,12.95,45.856,54.276,101.37,104.488,184.274,225.794,395.684,847.714,2550.2
2/1/2021,13.872,48.362,57.18,105.794,109.56,192.188,235.91,408.96,888.998,2617.142
3/1/2021,13.968,49.742,58.87,107.514,112.534,194.946,241.018,413.908,893.976,2589.662
4/1/2021,13.846,50.032,59.24,108.9,114.076,197.52,243.368,425.642,901.53,2586.554
5/1/2021,13.786,50.302,59.638,109.912,115.736,199.94,245.132,434.794,920.102,2608.54
6/1/2021,14.042,51.072,60.336,110.908,116.044,200.42,246.958,436.49,929.672,2716.924
7/1/2021,13.542,50.886,60.146,111.328,115.282,198.296,243.724,431.186,906.15,2600.504
8/1/2021,13.698,51.424,60.744,113.144,116.338,200.408,246.306,435.736,918.474,2638.212
9/1/2021,13.502,50.584,59.48,111.436,114.342,197.572,244.668,433.186,909.06,2603.784
10/1/2021,13.386,51.262,60.736,113.156,116.436,201.79,248.522,441.136,932.786,2630.212
11/1/2021,12.646,49.76,59.782,111.776,114.526,198.43,245.552,430.614,908.394,2535.918
12/1/2021,12.342,50.468,60.902,113.29,116.044,201.842,249.788,436.17,911.846,2493.316
1/1/2022,11.54,48.534,59.224,109.96,112.87,197.422,241.346,424.806,876.42,2354.812
2/1/2022,11.3,48.474,59.538,110.218,113.958,198.212,241.634,423.766,881.724,2405.676
3/1/2022,11.482,48.728,59.498,110.516,114.608,199.748,243.314,428.448,889.702,2440.196
4/1/2022,10.288,46.072,56.99,106.636,111.222,192.906,235.188,414.202,856.74,2361.5
5/1/2022,9.912,45.388,57.188,106.178,111.304,193.226,235.328,414.638,855.326,2391.61
6/1/2022,9.698,43.628,54.696,102.064,107.114,187.284,230.116,400.954,823.722,2236.156
7/1/2022,10.054,45.974,56.952,106.692,111.838,195.918,237.768,415.99,850.246,2358.584
8/1/2022,10.16,45.71,56.306,106.1,111.558,193.968,234.284,413.702,848.928,2387.596
9/1/2022,9.346,43.052,53.284,100.048,106.366,186.054,228.264,398.54,816.796,2256.754
10/1/2022,9.386,44.518,55.762,104.534,111.12,194.714,236.892,420.002,857.88,2405.926
11/1/2022,9.138,44.73,56.612,106.63,113.364,198.57,242.612,424.622,867.746,2400.994
12/1/2022,8.704,43.114,55.168,104.188,111.506,194.45,239.216,415.046,848.612,2347.332
1/1/2023,10.05,47.152,59.654,110.086,116.858,203.016,244.682,425.07,872.288,2394.866
2/1/2023,9.56,46.166,58.636,109.294,115.846,202.132,243.398,422.18,867.272,2366.606
3/1/2023,8.99,44.644,57.05,106.184,113.044,199.394,240.696,413.04,853.656,2317.026
4/1/2023,8.836,44.118,56.254,104.756,112.36,197.31,242.092,410.788,846.828,2310.306
5/1/2023,8.88,44.028,56.888,102.854,110.774,196.392,240.542,407.954,845.768,2317.93
6/1/2023,9.022,45.778,58.78,107.132,113.96,203.354,246.304,424.966,879.008,2383.876
